{
	"credit": "Made with Blockbench",
	"textures": {
		"0": "nubx/schwarz_15",
		"2": "nubx/nulls_dark_red",
		"3": "nubx/schwarz_35",
		"5": "nubx/schwarz_20",
		"6": "nubx/schwarz_30",
		"7": "nubx/reflex_dot",
		"8": "nubx/schwarz_25",
		"9": "nubx/golddarker",
		"particle": "nubx/reflex_dot"
	},
	"elements": [
		{
			"from": [7, 10.69141, 3.23828],
			"to": [7.1, 10.74141, 3.6914],
			"rotation": {"angle": 0, "axis": "z", "origin": [7.05, 10.71641, 3.73828]},
			"faces": {
				"north": {"uv": [0, 0, 0.1, 0.05], "texture": "#5"},
				"east": {"uv": [0, 0, 0.45313, 0.05], "texture": "#5"},
				"south": {"uv": [0, 0, 0.1, 0.05], "texture": "#5"},
				"west": {"uv": [0, 0, 0.45313, 0.05], "texture": "#5"},
				"up": {"uv": [0, 0, 0.1, 0.45313], "rotation": 180, "texture": "#5"},
				"down": {"uv": [0, 0, 0.1, 0.45313], "rotation": 180, "texture": "#5"}
			}
		},
		{
			"from": [7, 10.69141, 3.8789],
			"to": [7.1, 10.74141, 4.07421],
			"rotation": {"angle": 0, "axis": "y", "origin": [7.05, 10.71641, 4.3789]},
			"faces": {
				"north": {"uv": [0, 0, 0.1, 0.05], "texture": "#5"},
				"east": {"uv": [0, 0, 0.19531, 0.05], "texture": "#5"},
				"south": {"uv": [0, 0, 0.1, 0.05], "texture": "#5"},
				"west": {"uv": [0, 0, 0.19531, 0.05], "texture": "#5"},
				"up": {"uv": [0, 0, 0.1, 0.19531], "rotation": 180, "texture": "#5"},
				"down": {"uv": [0, 0, 0.1, 0.19531], "rotation": 180, "texture": "#5"}
			}
		},
		{
			"from": [6.79863, 10.89277, 3.23828],
			"to": [6.84863, 10.99277, 3.6914],
			"rotation": {"angle": 0, "axis": "z", "origin": [6.82363, 10.94277, 4.13086]},
			"faces": {
				"north": {"uv": [0, 0, 0.1, 0.05], "rotation": 270, "texture": "#5"},
				"east": {"uv": [0, 0, 0.1, 0.45313], "rotation": 270, "texture": "#5"},
				"south": {"uv": [0, 0, 0.1, 0.05], "rotation": 90, "texture": "#5"},
				"west": {"uv": [0, 0, 0.1, 0.45313], "rotation": 270, "texture": "#5"},
				"up": {"uv": [0, 0, 0.45313, 0.05], "rotation": 90, "texture": "#5"},
				"down": {"uv": [0, 0, 0.45313, 0.05], "rotation": 90, "texture": "#5"}
			}
		},
		{
			"from": [7, 11.14414, 4.63281],
			"to": [7.1, 11.19414, 12.35937],
			"rotation": {"angle": 0, "axis": "y", "origin": [7.05, 11.16914, 4.73046]},
			"faces": {
				"north": {"uv": [0.1, 0.05, 0.2, 0.1], "texture": "#5"},
				"east": {"uv": [0.19531, 0.05, 7.92188, 0.1], "texture": "#5"},
				"south": {"uv": [0.1, 0.05, 0.2, 0.1], "texture": "#5"},
				"west": {"uv": [0.19531, 0.05, 7.92188, 0.1], "texture": "#5"},
				"up": {"uv": [0.1, 0.19531, 0.2, 7.92188], "rotation": 180, "texture": "#5"},
				"down": {"uv": [0.1, 0.19531, 0.2, 7.92188], "rotation": 180, "texture": "#5"}
			}
		},
		{
			"from": [7, 11.14414, 4.2539],
			"to": [7.1, 11.19414, 4.44921],
			"rotation": {"angle": 0, "axis": "y", "origin": [7.16509, 11.04639, 4.13086]},
			"faces": {
				"north": {"uv": [0.1, 0.05, 0.2, 0.1], "texture": "#5"},
				"east": {"uv": [0.19531, 0.05, 0.39063, 0.1], "texture": "#5"},
				"south": {"uv": [0.1, 0.05, 0.2, 0.1], "texture": "#5"},
				"west": {"uv": [0.19531, 0.05, 0.39063, 0.1], "texture": "#5"},
				"up": {"uv": [0.1, 0.19531, 0.2, 0.39063], "rotation": 180, "texture": "#5"},
				"down": {"uv": [0.1, 0.19531, 0.2, 0.39063], "rotation": 180, "texture": "#5"}
			}
		},
		{
			"from": [7, 11.14414, 3.8789],
			"to": [7.1, 11.19414, 4.07421],
			"rotation": {"angle": 0, "axis": "y", "origin": [7.16509, 11.04639, 4.13086]},
			"faces": {
				"north": {"uv": [0.1, 0.05, 0.2, 0.1], "texture": "#5"},
				"east": {"uv": [0.19531, 0.05, 0.39063, 0.1], "texture": "#5"},
				"south": {"uv": [0.1, 0.05, 0.2, 0.1], "texture": "#5"},
				"west": {"uv": [0.19531, 0.05, 0.39063, 0.1], "texture": "#5"},
				"up": {"uv": [0.1, 0.19531, 0.2, 0.39063], "rotation": 180, "texture": "#5"},
				"down": {"uv": [0.1, 0.19531, 0.2, 0.39063], "rotation": 180, "texture": "#5"}
			}
		},
		{
			"from": [7, 11.14414, 3.23828],
			"to": [7.1, 11.19414, 3.6914],
			"rotation": {"angle": 0, "axis": "y", "origin": [7.16509, 11.04639, 4.13086]},
			"faces": {
				"north": {"uv": [0.1, 0.05, 0.2, 0.1], "texture": "#5"},
				"east": {"uv": [0.45313, 0.05, 0.90625, 0.1], "texture": "#5"},
				"south": {"uv": [0.1, 0.05, 0.2, 0.1], "texture": "#5"},
				"west": {"uv": [0.45313, 0.05, 0.90625, 0.1], "texture": "#5"},
				"up": {"uv": [0.1, 0.45313, 0.2, 0.90625], "rotation": 180, "texture": "#5"},
				"down": {"uv": [0.1, 0.45313, 0.2, 0.90625], "rotation": 180, "texture": "#5"}
			}
		},
		{
			"from": [7.25137, 10.89277, 4.63281],
			"to": [7.30137, 10.99277, 12.35937],
			"rotation": {"angle": 0, "axis": "y", "origin": [7.27637, 10.94277, 4.73046]},
			"faces": {
				"north": {"uv": [0.1, 0.05, 0.2, 0.1], "rotation": 270, "texture": "#5"},
				"east": {"uv": [0.1, 0.19531, 0.2, 7.92188], "rotation": 270, "texture": "#5"},
				"south": {"uv": [0.1, 0.05, 0.2, 0.1], "rotation": 90, "texture": "#5"},
				"west": {"uv": [0.1, 0.19531, 0.2, 7.92188], "rotation": 270, "texture": "#5"},
				"up": {"uv": [0.19531, 0.05, 7.92188, 0.1], "rotation": 90, "texture": "#5"},
				"down": {"uv": [0.19531, 0.05, 7.92188, 0.1], "rotation": 90, "texture": "#5"}
			}
		},
		{
			"from": [7.25137, 10.89277, 4.2539],
			"to": [7.30137, 10.99277, 4.44921],
			"rotation": {"angle": 0, "axis": "y", "origin": [7.16128, 11.06552, 4.13086]},
			"faces": {
				"north": {"uv": [0.1, 0.05, 0.2, 0.1], "rotation": 270, "texture": "#5"},
				"east": {"uv": [0.1, 0.19531, 0.2, 0.39063], "rotation": 270, "texture": "#5"},
				"south": {"uv": [0.1, 0.05, 0.2, 0.1], "rotation": 90, "texture": "#5"},
				"west": {"uv": [0.1, 0.19531, 0.2, 0.39063], "rotation": 270, "texture": "#5"},
				"up": {"uv": [0.19531, 0.05, 0.39063, 0.1], "rotation": 90, "texture": "#5"},
				"down": {"uv": [0.19531, 0.05, 0.39063, 0.1], "rotation": 90, "texture": "#5"}
			}
		},
		{
			"from": [7.25137, 10.89277, 3.8789],
			"to": [7.30137, 10.99277, 4.07421],
			"rotation": {"angle": 0, "axis": "y", "origin": [7.16128, 11.06552, 4.13086]},
			"faces": {
				"north": {"uv": [0.1, 0.05, 0.2, 0.1], "rotation": 270, "texture": "#5"},
				"east": {"uv": [0.1, 0.19531, 0.2, 0.39063], "rotation": 270, "texture": "#5"},
				"south": {"uv": [0.1, 0.05, 0.2, 0.1], "rotation": 90, "texture": "#5"},
				"west": {"uv": [0.1, 0.19531, 0.2, 0.39063], "rotation": 270, "texture": "#5"},
				"up": {"uv": [0.19531, 0.05, 0.39063, 0.1], "rotation": 90, "texture": "#5"},
				"down": {"uv": [0.19531, 0.05, 0.39063, 0.1], "rotation": 90, "texture": "#5"}
			}
		},
		{
			"from": [7.25137, 10.89277, 3.23828],
			"to": [7.30137, 10.99277, 3.6914],
			"rotation": {"angle": 0, "axis": "y", "origin": [7.16128, 11.06552, 4.13086]},
			"faces": {
				"north": {"uv": [0.1, 0.05, 0.2, 0.1], "rotation": 270, "texture": "#5"},
				"east": {"uv": [0.1, 0.45313, 0.2, 0.90625], "rotation": 270, "texture": "#5"},
				"south": {"uv": [0.1, 0.05, 0.2, 0.1], "rotation": 90, "texture": "#5"},
				"west": {"uv": [0.1, 0.45313, 0.2, 0.90625], "rotation": 270, "texture": "#5"},
				"up": {"uv": [0.45313, 0.05, 0.90625, 0.1], "rotation": 90, "texture": "#5"},
				"down": {"uv": [0.45313, 0.05, 0.90625, 0.1], "rotation": 90, "texture": "#5"}
			}
		},
		{
			"from": [6.79863, 10.89277, 4.2539],
			"to": [6.84863, 10.99277, 4.44921],
			"rotation": {"angle": 0, "axis": "z", "origin": [6.82363, 10.94277, 4.13086]},
			"faces": {
				"north": {"uv": [0, 0, 0.1, 0.05], "rotation": 270, "texture": "#5"},
				"east": {"uv": [0, 0, 0.1, 0.19531], "rotation": 270, "texture": "#5"},
				"south": {"uv": [0, 0, 0.1, 0.05], "rotation": 90, "texture": "#5"},
				"west": {"uv": [0, 0, 0.1, 0.19531], "rotation": 270, "texture": "#5"},
				"up": {"uv": [0, 0, 0.19531, 0.05], "rotation": 90, "texture": "#5"},
				"down": {"uv": [0, 0, 0.19531, 0.05], "rotation": 90, "texture": "#5"}
			}
		},
		{
			"from": [6.79863, 10.89277, 4.63281],
			"to": [6.84863, 10.99277, 12.35937],
			"rotation": {"angle": 0, "axis": "z", "origin": [6.82363, 10.94277, 4.73046]},
			"faces": {
				"north": {"uv": [0, 0, 0.1, 0.05], "rotation": 270, "texture": "#5"},
				"east": {"uv": [0, 0, 0.1, 7.72656], "rotation": 270, "texture": "#5"},
				"south": {"uv": [0, 0, 0.1, 0.05], "rotation": 90, "texture": "#5"},
				"west": {"uv": [0, 0, 0.1, 7.72656], "rotation": 270, "texture": "#5"},
				"up": {"uv": [0, 0, 7.72656, 0.05], "rotation": 90, "texture": "#5"},
				"down": {"uv": [0, 0, 7.72656, 0.05], "rotation": 90, "texture": "#5"}
			}
		},
		{
			"from": [6.79863, 10.89277, 3.8789],
			"to": [6.84863, 10.99277, 4.07421],
			"rotation": {"angle": 0, "axis": "z", "origin": [6.82363, 10.94277, 4.13086]},
			"faces": {
				"north": {"uv": [0, 0, 0.1, 0.05], "rotation": 270, "texture": "#5"},
				"east": {"uv": [0, 0, 0.1, 0.19531], "rotation": 270, "texture": "#5"},
				"south": {"uv": [0, 0, 0.1, 0.05], "rotation": 90, "texture": "#5"},
				"west": {"uv": [0, 0, 0.1, 0.19531], "rotation": 270, "texture": "#5"},
				"up": {"uv": [0, 0, 0.19531, 0.05], "rotation": 90, "texture": "#5"},
				"down": {"uv": [0, 0, 0.19531, 0.05], "rotation": 90, "texture": "#5"}
			}
		},
		{
			"from": [7, 10.69141, 4.2539],
			"to": [7.1, 10.74141, 4.44921],
			"rotation": {"angle": 0, "axis": "y", "origin": [7.05, 10.71641, 4.7539]},
			"faces": {
				"north": {"uv": [0, 0, 0.1, 0.05], "texture": "#5"},
				"east": {"uv": [0, 0, 0.19531, 0.05], "texture": "#5"},
				"south": {"uv": [0, 0, 0.1, 0.05], "texture": "#5"},
				"west": {"uv": [0, 0, 0.19531, 0.05], "texture": "#5"},
				"up": {"uv": [0, 0, 0.1, 0.19531], "rotation": 180, "texture": "#5"},
				"down": {"uv": [0, 0, 0.1, 0.19531], "rotation": 180, "texture": "#5"}
			}
		},
		{
			"from": [7, 10.69141, 4.63281],
			"to": [7.1, 10.74141, 12.35937],
			"rotation": {"angle": 0, "axis": "y", "origin": [7.05, 10.71641, 4.73046]},
			"faces": {
				"north": {"uv": [0, 0, 0.1, 0.05], "texture": "#5"},
				"east": {"uv": [0, 0, 7.72656, 0.05], "texture": "#5"},
				"south": {"uv": [0, 0, 0.1, 0.05], "texture": "#5"},
				"west": {"uv": [0, 0, 7.72656, 0.05], "texture": "#5"},
				"up": {"uv": [0, 0, 0.1, 7.72656], "rotation": 180, "texture": "#5"},
				"down": {"uv": [0, 0, 0.1, 7.72656], "rotation": 180, "texture": "#5"}
			}
		},
		{
			"from": [6.91337, 10.70864, 3.23828],
			"to": [7.01337, 10.75864, 12.36328],
			"rotation": {"angle": -22.5, "axis": "z", "origin": [6.96337, 10.73364, 3.73828]},
			"faces": {
				"north": {"uv": [0, 0, 0.1, 0.05], "texture": "#5"},
				"east": {"uv": [0, 0, 9.125, 0.05], "texture": "#5"},
				"south": {"uv": [0, 0, 0.1, 0.05], "texture": "#5"},
				"west": {"uv": [0, 0, 9.125, 0.05], "texture": "#5"},
				"up": {"uv": [0, 0, 0.1, 9.125], "rotation": 180, "texture": "#5"},
				"down": {"uv": [0, 0, 0.1, 9.125], "rotation": 180, "texture": "#5"}
			}
		},
		{
			"from": [7.08663, 10.70864, 3.23828],
			"to": [7.18663, 10.75864, 12.36328],
			"rotation": {"angle": 22.5, "axis": "z", "origin": [7.13663, 10.73364, 3.73828]},
			"faces": {
				"north": {"uv": [0, 0, 0.1, 0.05], "texture": "#5"},
				"east": {"uv": [0, 0, 9.125, 0.05], "texture": "#5"},
				"south": {"uv": [0, 0, 0.1, 0.05], "texture": "#5"},
				"west": {"uv": [0, 0, 9.125, 0.05], "texture": "#5"},
				"up": {"uv": [0, 0, 0.1, 9.125], "rotation": 180, "texture": "#5"},
				"down": {"uv": [0, 0, 0.1, 9.125], "rotation": 180, "texture": "#5"}
			}
		},
		{
			"from": [6.83993, 10.75771, 3.23828],
			"to": [6.93993, 10.80771, 12.36328],
			"rotation": {"angle": -45, "axis": "z", "origin": [6.88993, 10.78271, 3.73828]},
			"faces": {
				"north": {"uv": [0, 0, 0.1, 0.05], "texture": "#5"},
				"east": {"uv": [0, 0, 9.125, 0.05], "texture": "#5"},
				"south": {"uv": [0, 0, 0.1, 0.05], "texture": "#5"},
				"west": {"uv": [0, 0, 9.125, 0.05], "texture": "#5"},
				"up": {"uv": [0, 0, 0.1, 9.125], "rotation": 180, "texture": "#5"},
				"down": {"uv": [0, 0, 0.1, 9.125], "rotation": 180, "texture": "#5"}
			}
		},
		{
			"from": [7.18507, 10.73271, 3.23828],
			"to": [7.23507, 10.83271, 12.36328],
			"rotation": {"angle": -45, "axis": "z", "origin": [7.21007, 10.78271, 3.73828]},
			"faces": {
				"north": {"uv": [0, 0, 0.1, 0.05], "rotation": 90, "texture": "#5"},
				"east": {"uv": [0, 0, 0.1, 9.125], "rotation": 90, "texture": "#5"},
				"south": {"uv": [0, 0, 0.1, 0.05], "rotation": 270, "texture": "#5"},
				"west": {"uv": [0, 0, 0.1, 9.125], "rotation": 90, "texture": "#5"},
				"up": {"uv": [0, 0, 9.125, 0.05], "rotation": 270, "texture": "#5"},
				"down": {"uv": [0, 0, 9.125, 0.05], "rotation": 270, "texture": "#5"}
			}
		},
		{
			"from": [7.23414, 10.80615, 3.23828],
			"to": [7.28414, 10.90615, 12.36328],
			"rotation": {"angle": -22.5, "axis": "z", "origin": [7.25914, 10.85615, 3.73828]},
			"faces": {
				"north": {"uv": [0, 0, 0.1, 0.05], "rotation": 270, "texture": "#5"},
				"east": {"uv": [0, 0, 0.1, 9.125], "rotation": 270, "texture": "#5"},
				"south": {"uv": [0, 0, 0.1, 0.05], "rotation": 90, "texture": "#5"},
				"west": {"uv": [0, 0, 0.1, 9.125], "rotation": 270, "texture": "#5"},
				"up": {"uv": [0, 0, 9.125, 0.05], "rotation": 90, "texture": "#5"},
				"down": {"uv": [0, 0, 9.125, 0.05], "rotation": 90, "texture": "#5"}
			}
		},
		{
			"from": [6.81586, 10.80615, 3.23828],
			"to": [6.86586, 10.90615, 12.36328],
			"rotation": {"angle": 22.5, "axis": "z", "origin": [6.84086, 10.85615, 3.73828]},
			"faces": {
				"north": {"uv": [0, 0, 0.1, 0.05], "rotation": 270, "texture": "#5"},
				"east": {"uv": [0, 0, 0.1, 9.125], "rotation": 270, "texture": "#5"},
				"south": {"uv": [0, 0, 0.1, 0.05], "rotation": 90, "texture": "#5"},
				"west": {"uv": [0, 0, 0.1, 9.125], "rotation": 270, "texture": "#5"},
				"up": {"uv": [0, 0, 9.125, 0.05], "rotation": 90, "texture": "#5"},
				"down": {"uv": [0, 0, 9.125, 0.05], "rotation": 90, "texture": "#5"}
			}
		},
		{
			"from": [6.91337, 11.12691, 3.23828],
			"to": [7.01337, 11.17691, 12.36328],
			"rotation": {"angle": 22.5, "axis": "z", "origin": [6.96337, 11.15191, 3.73828]},
			"faces": {
				"north": {"uv": [0, 0.05, 0.1, 0.1], "texture": "#5"},
				"east": {"uv": [0, 0.05, 9.125, 0.1], "texture": "#5"},
				"south": {"uv": [0, 0.05, 0.1, 0.1], "texture": "#5"},
				"west": {"uv": [0, 0.05, 9.125, 0.1], "texture": "#5"},
				"up": {"uv": [0, 1, 0.1, 10.125], "rotation": 180, "texture": "#5"},
				"down": {"uv": [0, 1, 0.1, 10.125], "rotation": 180, "texture": "#5"}
			}
		},
		{
			"from": [7.08663, 11.12691, 3.23828],
			"to": [7.18663, 11.17691, 12.36328],
			"rotation": {"angle": -22.5, "axis": "z", "origin": [7.13663, 11.15191, 3.73828]},
			"faces": {
				"north": {"uv": [0, 0.05, 0.1, 0.1], "texture": "#5"},
				"east": {"uv": [0, 0.05, 9.125, 0.1], "texture": "#5"},
				"south": {"uv": [0, 0.05, 0.1, 0.1], "texture": "#5"},
				"west": {"uv": [0, 0.05, 9.125, 0.1], "texture": "#5"},
				"up": {"uv": [0, 1, 0.1, 10.125], "rotation": 180, "texture": "#5"},
				"down": {"uv": [0, 1, 0.1, 10.125], "rotation": 180, "texture": "#5"}
			}
		},
		{
			"from": [6.83993, 11.07784, 3.23828],
			"to": [6.93993, 11.12784, 12.36328],
			"rotation": {"angle": 45, "axis": "z", "origin": [6.88993, 11.10284, 3.73828]},
			"faces": {
				"north": {"uv": [0, 0.05, 0.1, 0.1], "texture": "#5"},
				"east": {"uv": [0, 0.05, 9.125, 0.1], "texture": "#5"},
				"south": {"uv": [0, 0.05, 0.1, 0.1], "texture": "#5"},
				"west": {"uv": [0, 0.05, 9.125, 0.1], "texture": "#5"},
				"up": {"uv": [0, 1, 0.1, 10.125], "rotation": 180, "texture": "#5"},
				"down": {"uv": [0, 1, 0.1, 10.125], "rotation": 180, "texture": "#5"}
			}
		},
		{
			"from": [7.18507, 11.05284, 3.23828],
			"to": [7.23507, 11.15284, 12.36328],
			"rotation": {"angle": 45, "axis": "z", "origin": [7.21007, 11.10284, 3.73828]},
			"faces": {
				"north": {"uv": [0.1, 0, 0.2, 0.05], "rotation": 90, "texture": "#5"},
				"east": {"uv": [0.1, 0, 0.2, 9.125], "rotation": 90, "texture": "#5"},
				"south": {"uv": [0.1, 0, 0.2, 0.05], "rotation": 270, "texture": "#5"},
				"west": {"uv": [0.1, 0, 0.2, 9.125], "rotation": 90, "texture": "#5"},
				"up": {"uv": [1, 0, 10.125, 0.05], "rotation": 270, "texture": "#5"},
				"down": {"uv": [1, 0, 10.125, 0.05], "rotation": 270, "texture": "#5"}
			}
		},
		{
			"from": [7.23414, 10.9794, 3.23828],
			"to": [7.28414, 11.0794, 12.36328],
			"rotation": {"angle": 22.5, "axis": "z", "origin": [7.25914, 11.0294, 3.73828]},
			"faces": {
				"north": {"uv": [0.1, 0, 0.2, 0.05], "rotation": 270, "texture": "#5"},
				"east": {"uv": [0.1, 0, 0.2, 9.125], "rotation": 270, "texture": "#5"},
				"south": {"uv": [0.1, 0, 0.2, 0.05], "rotation": 90, "texture": "#5"},
				"west": {"uv": [0.1, 0, 0.2, 9.125], "rotation": 270, "texture": "#5"},
				"up": {"uv": [1, 0, 10.125, 0.05], "rotation": 90, "texture": "#5"},
				"down": {"uv": [1, 0, 10.125, 0.05], "rotation": 90, "texture": "#5"}
			}
		},
		{
			"from": [6.81586, 10.9794, 3.23828],
			"to": [6.86586, 11.0794, 12.36328],
			"rotation": {"angle": -22.5, "axis": "z", "origin": [6.84086, 11.0294, 3.73828]},
			"faces": {
				"north": {"uv": [0.1, 0, 0.2, 0.05], "rotation": 270, "texture": "#5"},
				"east": {"uv": [0.1, 0, 0.2, 9.125], "rotation": 270, "texture": "#5"},
				"south": {"uv": [0.1, 0, 0.2, 0.05], "rotation": 90, "texture": "#5"},
				"west": {"uv": [0.1, 0, 0.2, 9.125], "rotation": 270, "texture": "#5"},
				"up": {"uv": [1, 0, 10.125, 0.05], "rotation": 90, "texture": "#5"},
				"down": {"uv": [1, 0, 10.125, 0.05], "rotation": 90, "texture": "#5"}
			}
		},
		{
			"from": [6.67422, 10.64063, 6.51172],
			"to": [7.43985, 11.44141, 8.91405],
			"rotation": {"angle": 0, "axis": "y", "origin": [7.05703, 11.04883, 6.94531]},
			"faces": {
				"north": {"uv": [0, 0, 1, 0.78516], "texture": "#5"},
				"east": {"uv": [0, 0, 8.34766, 0.78516], "texture": "#0"},
				"south": {"uv": [0, 0, 1, 0.78516], "texture": "#0"},
				"west": {"uv": [0, 0, 8.34766, 0.78516], "texture": "#0"},
				"up": {"uv": [0, 0, 1, 8.34766], "rotation": 180, "texture": "#0"},
				"down": {"uv": [0, 0, 1, 8.34766], "rotation": 180, "texture": "#0"}
			}
		},
		{
			"from": [6.61172, 9.8789, 8.125],
			"to": [7.49063, 10.66406, 13.02733],
			"rotation": {"angle": 0, "axis": "y", "origin": [7.05573, 10.82639, 12.00006]},
			"faces": {
				"north": {"uv": [0, 0, 1, 0.78516], "texture": "#8"},
				"east": {"uv": [0, 0, 8.34766, 0.78516], "texture": "#8"},
				"south": {"uv": [0, 0, 1, 0.78516], "texture": "#8"},
				"west": {"uv": [0, 0, 8.34766, 0.78516], "texture": "#8"},
				"up": {"uv": [0, 0, 1, 8.34766], "rotation": 180, "texture": "#8"},
				"down": {"uv": [0, 0, 1, 8.34766], "rotation": 180, "texture": "#8"}
			}
		},
		{
			"from": [6.61172, 10.31392, 7.86666],
			"to": [7.49453, 11.04048, 8.17916],
			"rotation": {"angle": -22.5, "axis": "x", "origin": [7.05313, 10.7065, 9.08151]},
			"faces": {
				"north": {"uv": [0, 0, 1, 0.78516], "texture": "#8"},
				"east": {"uv": [0, 0, 8.34766, 0.78516], "texture": "#8"},
				"south": {"uv": [0, 0, 1, 0.78516], "texture": "#8"},
				"west": {"uv": [0, 0, 8.34766, 0.78516], "texture": "#8"},
				"up": {"uv": [0, 0, 1, 8.34766], "rotation": 180, "texture": "#8"},
				"down": {"uv": [0, 0, 1, 8.34766], "rotation": 180, "texture": "#8"}
			}
		},
		{
			"from": [6.84297, 10.19531, 4.72543],
			"to": [7.26406, 10.67969, 8.7539],
			"rotation": {"angle": 0, "axis": "y", "origin": [7.05352, 10.4375, 6.76367]},
			"faces": {
				"north": {"uv": [0, 0, 1, 0.78516], "texture": "#0"},
				"east": {"uv": [0, 0, 8.34766, 0.78516], "texture": "#0"},
				"south": {"uv": [0, 0, 1, 0.78516], "texture": "#0"},
				"west": {"uv": [0, 0, 8.34766, 0.78516], "texture": "#0"},
				"up": {"uv": [0, 0, 1, 8.34766], "rotation": 180, "texture": "#0"},
				"down": {"uv": [0, 0, 1, 8.34766], "rotation": 180, "texture": "#0"}
			}
		},
		{
			"from": [6.94063, 9.96484, 4.78515],
			"to": [7.16641, 10.4336, 6.82421],
			"rotation": {"angle": 0, "axis": "y", "origin": [7.07305, 10.19141, 6.76367]},
			"faces": {
				"north": {"uv": [0, 0, 1, 0.78516], "texture": "#5"},
				"east": {"uv": [0, 0, 8.34766, 0.78516], "texture": "#5"},
				"south": {"uv": [0, 0, 1, 0.78516], "texture": "#5"},
				"west": {"uv": [0, 0, 8.34766, 0.78516], "texture": "#5"},
				"up": {"uv": [0, 0, 1, 8.34766], "rotation": 180, "texture": "#5"},
				"down": {"uv": [0, 0, 1, 8.34766], "rotation": 180, "texture": "#5"}
			}
		},
		{
			"from": [6.80782, 9.65625, 6.89062],
			"to": [7.31875, 10.4336, 8.28514],
			"rotation": {"angle": 0, "axis": "y", "origin": [7.07305, 10.19141, 8.80272]},
			"faces": {
				"north": {"uv": [0, 0, 1, 0.78516], "texture": "#5"},
				"east": {"uv": [0, 0, 8.34766, 0.78516], "texture": "#5"},
				"south": {"uv": [0, 0, 1, 0.78516], "texture": "#5"},
				"west": {"uv": [0, 0, 8.34766, 0.78516], "texture": "#5"},
				"up": {"uv": [0, 0, 1, 8.34766], "rotation": 180, "texture": "#5"},
				"down": {"uv": [0, 0, 1, 8.34766], "rotation": 180, "texture": "#5"}
			}
		},
		{
			"from": [6.82344, 9.84375, 6.70312],
			"to": [7.27969, 10.4336, 7.08983],
			"rotation": {"angle": 0, "axis": "y", "origin": [7.07305, 10.19141, 8.61522]},
			"faces": {
				"north": {"uv": [0, 0, 1, 0.78516], "texture": "#5"},
				"east": {"uv": [0, 0, 8.34766, 0.78516], "texture": "#5"},
				"south": {"uv": [0, 0, 1, 0.78516], "texture": "#5"},
				"west": {"uv": [0, 0, 8.34766, 0.78516], "texture": "#5"},
				"up": {"uv": [0, 0, 1, 8.34766], "rotation": 180, "texture": "#5"},
				"down": {"uv": [0, 0, 1, 8.34766], "rotation": 180, "texture": "#5"}
			}
		},
		{
			"from": [6.70938, 11.11767, 4.8356],
			"to": [7.38125, 11.3872, 5.08951],
			"rotation": {"angle": -45, "axis": "x", "origin": [6.99844, 11.25244, 4.96255]},
			"faces": {
				"north": {"uv": [0, 0, 1, 0.26953], "texture": "#0"},
				"east": {"uv": [0, 0, 0.25391, 0.26953], "texture": "#0"},
				"south": {"uv": [0, 0, 1, 0.26953], "texture": "#0"},
				"west": {"uv": [0, 0, 0.25391, 0.26953], "texture": "#0"},
				"up": {"uv": [0, 0, 1, 0.25391], "rotation": 180, "texture": "#0"},
				"down": {"uv": [0, 0, 1, 0.25391], "rotation": 180, "texture": "#0"}
			}
		},
		{
			"from": [6.82735, 9.70655, 6.75814],
			"to": [7.27266, 9.97608, 7.01205],
			"rotation": {"angle": -45, "axis": "x", "origin": [7.1125, 9.84131, 6.88509]},
			"faces": {
				"north": {"uv": [0, 0, 1, 0.26953], "texture": "#5"},
				"east": {"uv": [0, 0, 0.25391, 0.26953], "texture": "#5"},
				"south": {"uv": [0, 0, 1, 0.26953], "texture": "#5"},
				"west": {"uv": [0, 0, 0.25391, 0.26953], "texture": "#5"},
				"up": {"uv": [0, 0, 1, 0.25391], "rotation": 180, "texture": "#5"},
				"down": {"uv": [0, 0, 1, 0.25391], "rotation": 180, "texture": "#5"}
			}
		},
		{
			"from": [6.67422, 10.65625, 10.00781],
			"to": [7.43985, 11.44141, 12.82812],
			"rotation": {"angle": 0, "axis": "y", "origin": [7.06094, 11.09283, 13.09179]},
			"faces": {
				"north": {"uv": [0, 0, 1, 0.78516], "texture": "#0"},
				"east": {"uv": [0, 0, 8.34766, 0.78516], "texture": "#0"},
				"south": {"uv": [0, 0, 1, 0.78516], "texture": "#0"},
				"west": {"uv": [0, 0, 8.34766, 0.78516], "texture": "#0"},
				"up": {"uv": [0, 0, 1, 8.34766], "rotation": 180, "texture": "#0"},
				"down": {"uv": [0, 0, 1, 8.34766], "rotation": 180, "texture": "#0"}
			}
		},
		{
			"from": [6.67422, 10.65625, 8.91405],
			"to": [6.82266, 11.44141, 10.21873],
			"rotation": {"angle": 0, "axis": "y", "origin": [7.06094, 11.09283, 12.39647]},
			"faces": {
				"north": {"uv": [0, 0, 1, 0.78516], "texture": "#0"},
				"east": {"uv": [0, 0, 8.34766, 0.78516], "texture": "#0"},
				"south": {"uv": [0, 0, 1, 0.78516], "texture": "#0"},
				"west": {"uv": [0, 0, 8.34766, 0.78516], "texture": "#0"},
				"up": {"uv": [0, 0, 1, 8.34766], "rotation": 180, "texture": "#0"},
				"down": {"uv": [0, 0, 1, 8.34766], "rotation": 180, "texture": "#0"}
			}
		},
		{
			"from": [6.70156, 10.61719, 7.71093],
			"to": [7.38125, 11.38282, 10.35155],
			"rotation": {"angle": 0, "axis": "y", "origin": [7.04141, 11, 9.03124]},
			"faces": {
				"north": {"uv": [0, 0, 1, 0.78516], "texture": "#0"},
				"east": {"uv": [0, 0, 8.34766, 0.78516], "texture": "#6"},
				"south": {"uv": [0, 0, 1, 0.78516], "texture": "#0"},
				"west": {"uv": [0, 0, 8.34766, 0.78516], "texture": "#0"},
				"up": {"uv": [0, 0, 1, 8.34766], "rotation": 180, "texture": "#6"},
				"down": {"uv": [0, 0, 1, 8.34766], "rotation": 180, "texture": "#0"}
			}
		},
		{
			"from": [6.70938, 10.61719, 4.95703],
			"to": [7.38125, 11.4375, 7.59765],
			"rotation": {"angle": 0, "axis": "y", "origin": [7.06094, 11.09283, 9.10742]},
			"faces": {
				"north": {"uv": [0, 0, 1, 0.78516], "texture": "#0"},
				"east": {"uv": [0, 0, 8.34766, 0.78516], "texture": "#0"},
				"south": {"uv": [0, 0, 1, 0.78516], "texture": "#0"},
				"west": {"uv": [0, 0, 8.34766, 0.78516], "texture": "#0"},
				"up": {"uv": [0, 0, 1, 8.34766], "rotation": 180, "texture": "#0"},
				"down": {"uv": [0, 0, 1, 8.34766], "rotation": 180, "texture": "#0"}
			}
		},
		{
			"from": [6.76719, 10.39752, 4.77749],
			"to": [7.0211, 10.74908, 8.33217],
			"rotation": {"angle": 22.5, "axis": "z", "origin": [7.04589, 10.52216, 6.53042]},
			"faces": {
				"north": {"uv": [0, 0, 0.25391, 0.26953], "texture": "#0"},
				"east": {"uv": [0, 0, 1, 0.26953], "texture": "#0"},
				"south": {"uv": [0, 0, 0.25391, 0.26953], "texture": "#0"},
				"west": {"uv": [0, 0, 1, 0.26953], "texture": "#5"},
				"up": {"uv": [0, 0, 1, 0.25391], "rotation": 90, "texture": "#0"},
				"down": {"uv": [0, 0, 1, 0.25391], "rotation": 270, "texture": "#0"}
			}
		},
		{
			"from": [6.94521, 10.07753, 4.79297],
			"to": [7.19912, 10.31581, 8.25],
			"rotation": {"angle": -22.5, "axis": "z", "origin": [6.92871, 10.09232, 6.5459]},
			"faces": {
				"north": {"uv": [0, 0, 0.25391, 0.26953], "texture": "#5"},
				"east": {"uv": [0, 0, 1, 0.26953], "texture": "#5"},
				"south": {"uv": [0, 0, 0.25391, 0.26953], "texture": "#5"},
				"west": {"uv": [0, 0, 1, 0.26953], "texture": "#5"},
				"up": {"uv": [0, 0, 1, 0.25391], "rotation": 90, "texture": "#5"},
				"down": {"uv": [0, 0, 1, 0.25391], "rotation": 270, "texture": "#5"}
			}
		},
		{
			"from": [6.90859, 10.06143, 4.79297],
			"to": [7.1625, 10.31924, 8.34765],
			"rotation": {"angle": 22.5, "axis": "z", "origin": [7.1873, 10.09232, 6.5459]},
			"faces": {
				"north": {"uv": [0, 0, 0.25391, 0.26953], "texture": "#5"},
				"east": {"uv": [0, 0, 1, 0.26953], "texture": "#5"},
				"south": {"uv": [0, 0, 0.25391, 0.26953], "texture": "#5"},
				"west": {"uv": [0, 0, 1, 0.26953], "texture": "#5"},
				"up": {"uv": [0, 0, 1, 0.25391], "rotation": 90, "texture": "#5"},
				"down": {"uv": [0, 0, 1, 0.25391], "rotation": 270, "texture": "#5"}
			}
		},
		{
			"from": [7.0624, 10.44096, 4.72949],
			"to": [7.31631, 10.74565, 8.23452],
			"rotation": {"angle": -22.5, "axis": "z", "origin": [7.04589, 10.52216, 6.53042]},
			"faces": {
				"north": {"uv": [0, 0, 0.25391, 0.26953], "texture": "#0"},
				"east": {"uv": [0, 0, 1, 0.26953], "texture": "#5"},
				"south": {"uv": [0, 0, 0.25391, 0.26953], "texture": "#0"},
				"west": {"uv": [0, 0, 1, 0.26953], "texture": "#0"},
				"up": {"uv": [0, 0, 1, 0.25391], "rotation": 90, "texture": "#0"},
				"down": {"uv": [0, 0, 1, 0.25391], "rotation": 270, "texture": "#0"}
			}
		},
		{
			"from": [6.70938, 10.62515, 4.77749],
			"to": [7.38125, 11.25797, 5.01968],
			"rotation": {"angle": 0, "axis": "x", "origin": [7.00235, 11.07722, 9.13085]},
			"faces": {
				"north": {"uv": [0, 0, 1, 0.62109], "texture": "#0"},
				"east": {"uv": [0, 0, 0.62109, 0.24219], "rotation": 90, "texture": "#0"},
				"south": {"uv": [0, 0, 1, 0.62109], "rotation": 180, "texture": "#0"},
				"west": {"uv": [0, 0, 0.62109, 0.24219], "rotation": 270, "texture": "#0"},
				"up": {"uv": [0, 0, 1, 0.24219], "texture": "#0"},
				"down": {"uv": [0, 0, 1, 0.24219], "rotation": 180, "texture": "#0"}
			}
		},
		{
			"from": [6.67813, 11.03765, 12.71528],
			"to": [7.43985, 11.30718, 13.1645],
			"rotation": {"angle": 22.5, "axis": "x", "origin": [7.05703, 11.08719, 13.08987]},
			"faces": {
				"north": {"uv": [0, 0, 1, 0.26953], "texture": "#0"},
				"east": {"uv": [0, 0, 0.25391, 0.26953], "texture": "#0"},
				"south": {"uv": [0, 0, 1, 0.26953], "texture": "#0"},
				"west": {"uv": [0, 0, 0.25391, 0.26953], "texture": "#0"},
				"up": {"uv": [1, 0.25391, 0, 0], "rotation": 180, "texture": "#0"},
				"down": {"uv": [1, 0.25391, 0, 0], "rotation": 180, "texture": "#0"}
			}
		},
		{
			"from": [6.61172, 10.05843, 12.98128],
			"to": [7.49063, 10.66391, 13.22347],
			"rotation": {"angle": 0, "axis": "y", "origin": [6.99453, 10.21648, 13.07039]},
			"faces": {
				"north": {"uv": [0, 0.62109, 1, 0], "rotation": 180, "texture": "#8"},
				"east": {"uv": [0.62109, 0, 0, 0.24219], "rotation": 270, "texture": "#8"},
				"south": {"uv": [0, 0.62109, 1, 0], "texture": "#8"},
				"west": {"uv": [0.62109, 0, 0, 0.24219], "rotation": 90, "texture": "#8"},
				"up": {"uv": [1, 0, 0, 0.24219], "rotation": 180, "texture": "#8"},
				"down": {"uv": [1, 0, 0, 0.24219], "texture": "#8"}
			}
		},
		{
			"from": [6.69766, 9.43505, 12.82183],
			"to": [7.39297, 10.14598, 13.43902],
			"rotation": {"angle": -45, "axis": "x", "origin": [7.04531, 9.79052, 13.09917]},
			"faces": {
				"north": {"uv": [0, 0.26953, 1, 0], "texture": "#8"},
				"east": {"uv": [0, 0.26953, 0.25391, 0], "texture": "#8"},
				"south": {"uv": [0, 0.26953, 1, 0], "texture": "#8"},
				"west": {"uv": [0, 0.26953, 0.25391, 0], "texture": "#8"},
				"up": {"uv": [1, 0, 0, 0.25391], "rotation": 180, "texture": "#8"},
				"down": {"uv": [1, 0, 0, 0.25391], "rotation": 180, "texture": "#8"}
			}
		},
		{
			"from": [6.75625, 9.4491, 13.38862],
			"to": [7.33047, 9.67957, 13.86519],
			"rotation": {"angle": 22.5, "axis": "x", "origin": [7.05117, 9.53699, 13.74409]},
			"faces": {
				"north": {"uv": [1, 0, 0, 0.25391], "texture": "#8"},
				"east": {"uv": [0, 0.26953, 0.25391, 0], "rotation": 90, "texture": "#8"},
				"south": {"uv": [1, 0, 0, 0.25391], "rotation": 180, "texture": "#8"},
				"west": {"uv": [0, 0.26953, 0.25391, 0], "rotation": 270, "texture": "#8"},
				"up": {"uv": [0, 0.26953, 1, 0], "texture": "#8"},
				"down": {"uv": [0, 0.26953, 1, 0], "rotation": 180, "texture": "#8"}
			}
		},
		{
			"from": [6.75625, 9.40945, 13.82233],
			"to": [7.26016, 9.60477, 14.22858],
			"rotation": {"angle": 0, "axis": "x", "origin": [7.01992, 9.50125, 14.1778]},
			"faces": {
				"north": {"uv": [1, 0, 0, 0.25391], "texture": "#8"},
				"east": {"uv": [0, 0.26953, 0.25391, 0], "rotation": 90, "texture": "#8"},
				"south": {"uv": [1, 0, 0, 0.25391], "rotation": 180, "texture": "#8"},
				"west": {"uv": [0, 0.26953, 0.25391, 0], "rotation": 270, "texture": "#8"},
				"up": {"uv": [0, 0.26953, 1, 0], "texture": "#8"},
				"down": {"uv": [0, 0.26953, 1, 0], "rotation": 180, "texture": "#8"}
			}
		},
		{
			"from": [6.67422, 10.64078, 12.78988],
			"to": [7.43985, 11.26188, 13.243],
			"rotation": {"angle": 0, "axis": "y", "origin": [7.05703, 11.10384, 13.08992]},
			"faces": {
				"north": {"uv": [0, 0, 1, 0.62109], "rotation": 180, "texture": "#0"},
				"east": {"uv": [0, 0, 0.62109, 0.24219], "rotation": 270, "texture": "#0"},
				"south": {"uv": [0, 0, 1, 0.62109], "texture": "#0"},
				"west": {"uv": [0, 0, 0.62109, 0.24219], "rotation": 90, "texture": "#0"},
				"up": {"uv": [1, 0.24219, 0, 0], "texture": "#0"},
				"down": {"uv": [1, 0.24219, 0, 0], "rotation": 180, "texture": "#0"}
			}
		},
		{
			"from": [6.98672, 11.45312, 5.13671],
			"to": [7.08437, 11.57031, 5.5039],
			"rotation": {"angle": 0, "axis": "y", "origin": [7.03555, 11.46043, 5.34453]},
			"faces": {
				"north": {"uv": [0, 0, 0.09766, 0.19922], "texture": "#0"},
				"east": {"uv": [0, 0, 0.36719, 0.19922], "texture": "#0"},
				"south": {"uv": [0, 0, 15.598, 15.699], "texture": "#7"},
				"west": {"uv": [0, 0, 0.36719, 0.19922], "texture": "#0"},
				"up": {"uv": [0, 0, 0.09766, 0.36719], "rotation": 180, "texture": "#0"},
				"down": {"uv": [0, 0, 0.09766, 0.36719], "rotation": 180, "texture": "#0"}
			}
		},
		{
			"from": [6.98672, 11.42178, 5.03077],
			"to": [7.08437, 11.56631, 5.22608],
			"rotation": {"angle": -45, "axis": "x", "origin": [7.03555, 11.46043, 5.17657]},
			"faces": {
				"north": {"uv": [0, 0, 0.09766, 0.14453], "texture": "#0"},
				"east": {"uv": [0, 0, 0.19531, 0.14453], "texture": "#0"},
				"south": {"uv": [0, 0, 0.09766, 0.14453], "texture": "#0"},
				"west": {"uv": [0, 0, 0.19531, 0.14453], "texture": "#0"},
				"up": {"uv": [0, 0, 0.09766, 0.19531], "rotation": 180, "texture": "#0"},
				"down": {"uv": [0, 0, 0.09766, 0.19531], "rotation": 180, "texture": "#0"}
			}
		},
		{
			"from": [7.11172, 11.39227, 11.99388],
			"to": [7.26406, 11.62273, 12.37669],
			"rotation": {"angle": -45, "axis": "x", "origin": [7.18789, 11.43092, 12.32718]},
			"faces": {
				"north": {"uv": [0.30469, 0, 0.15234, 0.23047], "texture": "#0"},
				"east": {"uv": [0.57813, 0, 0.19531, 0.23047], "texture": "#0"},
				"south": {"uv": [0.30469, 0, 0.15234, 0.23047], "texture": "#0"},
				"west": {"uv": [0.57813, 0, 0.19531, 0.23047], "texture": "#0"},
				"up": {"uv": [0, 0.57813, 0.15234, 0.19531], "rotation": 180, "texture": "#0"},
				"down": {"uv": [0, 0.57813, 0.15234, 0.19531], "rotation": 180, "texture": "#0"}
			}
		},
		{
			"from": [7.11172, 11.37109, 12.22656],
			"to": [7.26406, 11.60156, 12.41015],
			"rotation": {"angle": 0, "axis": "y", "origin": [7.18789, 11.40574, 12.25078]},
			"faces": {
				"north": {"uv": [0, 0, 0.15234, 0.28516], "texture": "#0"},
				"east": {"uv": [0.19531, 0, 0.37891, 0.28516], "texture": "#0"},
				"south": {"uv": [0, 0, 0.15234, 0.28516], "texture": "#8"},
				"west": {"uv": [0, 0, 0.18359, 0.28516], "texture": "#0"},
				"up": {"uv": [0, 0, 0.15234, 0.18359], "rotation": 180, "texture": "#0"},
				"down": {"uv": [0, 0, 0.15234, 0.18359], "rotation": 180, "texture": "#0"}
			}
		},
		{
			"from": [6.80703, 11.36188, 11.99865],
			"to": [6.95937, 11.59235, 12.39709],
			"rotation": {"angle": -45, "axis": "x", "origin": [6.8832, 11.40054, 12.3046]},
			"faces": {
				"north": {"uv": [0.30469, 0, 0.15234, 0.23047], "texture": "#0"},
				"east": {"uv": [0.59375, 0, 0.19531, 0.23047], "texture": "#0"},
				"south": {"uv": [0.30469, 0, 0.15234, 0.23047], "texture": "#0"},
				"west": {"uv": [0.59375, 0, 0.19531, 0.23047], "texture": "#0"},
				"up": {"uv": [0, 0.59375, 0.15234, 0.19531], "rotation": 180, "texture": "#0"},
				"down": {"uv": [0, 0.59375, 0.15234, 0.19531], "rotation": 180, "texture": "#0"}
			}
		},
		{
			"from": [6.80703, 11.36719, 12.21875],
			"to": [6.95937, 11.60156, 12.40234],
			"rotation": {"angle": 0, "axis": "y", "origin": [6.8832, 11.40574, 12.24297]},
			"faces": {
				"north": {"uv": [0, 0, 0.15234, 0.28516], "texture": "#0"},
				"east": {"uv": [0.19531, 0, 0.37891, 0.28516], "texture": "#0"},
				"south": {"uv": [0, 0, 0.15234, 0.28516], "texture": "#8"},
				"west": {"uv": [0, 0, 0.18359, 0.28516], "texture": "#0"},
				"up": {"uv": [0, 0, 0.15234, 0.18359], "rotation": 180, "texture": "#0"},
				"down": {"uv": [0, 0, 0.15234, 0.18359], "rotation": 180, "texture": "#0"}
			}
		},
		{
			"from": [6.92031, 11.11891, 13.20688],
			"to": [7.13516, 11.21891, 13.34594],
			"rotation": {"angle": -22.5, "axis": "x", "origin": [7.42031, 11.16891, 13.29594]},
			"faces": {
				"north": {"uv": [0, 0, 0.21484, 0.1], "texture": "#0"},
				"east": {"uv": [0, 0, 0.13906, 0.1], "texture": "#0"},
				"south": {"uv": [0, 0, 0.21484, 0.1], "texture": "#0"},
				"west": {"uv": [0, 0, 0.13906, 0.1], "texture": "#0"},
				"up": {"uv": [0, 0, 0.21484, 0.13906], "rotation": 180, "texture": "#0"},
				"down": {"uv": [0, 0, 0.21484, 0.13906], "rotation": 180, "texture": "#0"}
			}
		},
		{
			"from": [6.92031, 11.13424, 13.323],
			"to": [7.13516, 11.23424, 13.423],
			"rotation": {"angle": 0, "axis": "x", "origin": [7.02774, 11.18424, 13.373]},
			"faces": {
				"north": {"uv": [0, 0, 0.21484, 0.1], "texture": "#0"},
				"east": {"uv": [0, 0, 0.1, 0.1], "texture": "#0"},
				"south": {"uv": [0, 0, 0.21484, 0.1], "texture": "#0"},
				"west": {"uv": [0, 0, 0.1, 0.1], "texture": "#0"},
				"up": {"uv": [0, 0, 0.21484, 0.1], "rotation": 180, "texture": "#0"},
				"down": {"uv": [0, 0, 0.21484, 0.1], "rotation": 180, "texture": "#0"}
			}
		},
		{
			"from": [6.92031, 11.11891, 13.40006],
			"to": [7.13516, 11.21891, 13.50006],
			"rotation": {"angle": 22.5, "axis": "x", "origin": [7.02774, 11.16891, 13.45006]},
			"faces": {
				"north": {"uv": [0, 0, 0.21484, 0.1], "texture": "#0"},
				"east": {"uv": [0, 0, 0.1, 0.1], "texture": "#0"},
				"south": {"uv": [0, 0, 0.21484, 0.1], "texture": "#0"},
				"west": {"uv": [0, 0, 0.1, 0.1], "texture": "#0"},
				"up": {"uv": [0, 0, 0.21484, 0.1], "rotation": 180, "texture": "#0"},
				"down": {"uv": [0, 0, 0.21484, 0.1], "rotation": 180, "texture": "#0"}
			}
		},
		{
			"from": [6.92031, 11.07526, 13.46539],
			"to": [7.13516, 11.17526, 13.56539],
			"rotation": {"angle": 45, "axis": "x", "origin": [7.02774, 11.12526, 13.51539]},
			"faces": {
				"north": {"uv": [0, 0, 0.21484, 0.1], "texture": "#0"},
				"east": {"uv": [0, 0, 0.1, 0.1], "texture": "#0"},
				"south": {"uv": [0, 0, 0.21484, 0.1], "texture": "#0"},
				"west": {"uv": [0, 0, 0.1, 0.1], "texture": "#0"},
				"up": {"uv": [0, 0, 0.21484, 0.1], "rotation": 180, "texture": "#0"},
				"down": {"uv": [0, 0, 0.21484, 0.1], "rotation": 180, "texture": "#0"}
			}
		},
		{
			"from": [6.92031, 11.00993, 13.50904],
			"to": [7.13516, 11.10993, 13.60904],
			"rotation": {"angle": -22.5, "axis": "x", "origin": [7.02774, 11.05993, 13.55904]},
			"faces": {
				"north": {"uv": [0, 0, 0.21484, 0.1], "texture": "#0"},
				"east": {"uv": [0, 0, 0.1, 0.1], "rotation": 270, "texture": "#0"},
				"south": {"uv": [0, 0, 0.21484, 0.1], "rotation": 180, "texture": "#0"},
				"west": {"uv": [0, 0, 0.1, 0.1], "rotation": 90, "texture": "#0"},
				"up": {"uv": [0, 0, 0.21484, 0.1], "rotation": 180, "texture": "#0"},
				"down": {"uv": [0, 0, 0.21484, 0.1], "texture": "#0"}
			}
		},
		{
			"from": [6.92031, 10.93287, 13.52437],
			"to": [7.13516, 11.03287, 13.62437],
			"rotation": {"angle": 0, "axis": "x", "origin": [7.02774, 10.98287, 13.57437]},
			"faces": {
				"north": {"uv": [0, 0, 0.21484, 0.1], "rotation": 180, "texture": "#0"},
				"east": {"uv": [0, 0, 0.1, 0.1], "rotation": 90, "texture": "#0"},
				"south": {"uv": [0, 0, 0.21484, 0.1], "texture": "#0"},
				"west": {"uv": [0, 0, 0.1, 0.1], "rotation": 270, "texture": "#0"},
				"up": {"uv": [0, 0, 0.21484, 0.1], "texture": "#0"},
				"down": {"uv": [0, 0, 0.21484, 0.1], "rotation": 180, "texture": "#0"}
			}
		},
		{
			"from": [6.92031, 10.85581, 13.50904],
			"to": [7.13516, 10.95581, 13.60904],
			"rotation": {"angle": 22.5, "axis": "x", "origin": [7.02774, 10.90581, 13.55904]},
			"faces": {
				"north": {"uv": [0, 0, 0.21484, 0.1], "rotation": 180, "texture": "#0"},
				"east": {"uv": [0, 0, 0.1, 0.1], "rotation": 90, "texture": "#0"},
				"south": {"uv": [0, 0, 0.21484, 0.1], "texture": "#0"},
				"west": {"uv": [0, 0, 0.1, 0.1], "rotation": 270, "texture": "#0"},
				"up": {"uv": [0, 0, 0.21484, 0.1], "texture": "#0"},
				"down": {"uv": [0, 0, 0.21484, 0.1], "rotation": 180, "texture": "#0"}
			}
		},
		{
			"from": [6.92031, 10.79048, 13.46539],
			"to": [7.13516, 10.89048, 13.56539],
			"rotation": {"angle": 45, "axis": "x", "origin": [7.02774, 10.84048, 13.51539]},
			"faces": {
				"north": {"uv": [0, 0, 0.21484, 0.1], "rotation": 180, "texture": "#0"},
				"east": {"uv": [0, 0, 0.1, 0.1], "rotation": 90, "texture": "#0"},
				"south": {"uv": [0, 0, 0.21484, 0.1], "texture": "#0"},
				"west": {"uv": [0, 0, 0.1, 0.1], "rotation": 270, "texture": "#0"},
				"up": {"uv": [0, 0, 0.21484, 0.1], "texture": "#0"},
				"down": {"uv": [0, 0, 0.21484, 0.1], "rotation": 180, "texture": "#0"}
			}
		},
		{
			"from": [6.92031, 10.74683, 13.40006],
			"to": [7.13516, 10.84683, 13.50006],
			"rotation": {"angle": -22.5, "axis": "x", "origin": [7.02774, 10.79683, 13.45006]},
			"faces": {
				"north": {"uv": [0, 0, 0.21484, 0.1], "texture": "#0"},
				"east": {"uv": [0, 0, 0.1, 0.1], "texture": "#0"},
				"south": {"uv": [0, 0, 0.21484, 0.1], "texture": "#0"},
				"west": {"uv": [0, 0, 0.1, 0.1], "texture": "#0"},
				"up": {"uv": [0, 0, 0.21484, 0.1], "texture": "#0"},
				"down": {"uv": [0, 0, 0.21484, 0.1], "texture": "#0"}
			}
		},
		{
			"from": [6.92031, 10.70856, 13.15142],
			"to": [7.13516, 10.80856, 13.40767],
			"rotation": {"angle": -22.5, "axis": "x", "origin": [7.02774, 10.75856, 13.35767]},
			"faces": {
				"north": {"uv": [0, 0, 0.21484, 0.1], "texture": "#0"},
				"east": {"uv": [0, 0, 0.25625, 0.1], "texture": "#0"},
				"south": {"uv": [0, 0, 0.21484, 0.1], "texture": "#0"},
				"west": {"uv": [0, 0, 0.25625, 0.1], "texture": "#0"},
				"up": {"uv": [0, 0, 0.21484, 0.25625], "texture": "#0"},
				"down": {"uv": [0, 0, 0.21484, 0.25625], "texture": "#0"}
			}
		},
		{
			"from": [6.64297, 10.63672, 12.69656],
			"to": [7.46328, 11.44531, 12.72656],
			"rotation": {"angle": -22.5, "axis": "x", "origin": [7.12734, 11.05078, 12.70156]},
			"faces": {
				"north": {"uv": [0, 0, 0.82031, 0.80859], "texture": "#5"},
				"east": {"uv": [0, 0, 0.03, 0.80859], "texture": "#5"},
				"south": {"uv": [0, 0, 0.82031, 0.80859], "texture": "#5"},
				"west": {"uv": [0, 0, 0.03, 0.80859], "texture": "#5"},
				"up": {"uv": [0, 0, 0.82031, 0.03], "rotation": 180, "texture": "#5"},
				"down": {"uv": [0, 0, 0.82031, 0.03], "rotation": 180, "texture": "#5"}
			}
		},
		{
			"from": [6.64297, 10.63672, 11.39578],
			"to": [7.46328, 11.44531, 11.42578],
			"rotation": {"angle": -22.5, "axis": "x", "origin": [7.12734, 11.05078, 11.40078]},
			"faces": {
				"north": {"uv": [0, 0, 0.82031, 0.80859], "texture": "#5"},
				"east": {"uv": [0, 0, 0.03, 0.80859], "texture": "#5"},
				"south": {"uv": [0, 0, 0.82031, 0.80859], "texture": "#5"},
				"west": {"uv": [0, 0, 0.03, 0.80859], "texture": "#5"},
				"up": {"uv": [0, 0, 0.82031, 0.03], "rotation": 180, "texture": "#5"},
				"down": {"uv": [0, 0, 0.82031, 0.03], "rotation": 180, "texture": "#5"}
			}
		},
		{
			"from": [6.64297, 10.64129, 12.46125],
			"to": [7.46328, 11.44988, 12.49125],
			"rotation": {"angle": -22.5, "axis": "x", "origin": [7.05312, 11.04559, 12.47625]},
			"faces": {
				"north": {"uv": [0, 0, 0.82031, 0.80859], "texture": "#5"},
				"east": {"uv": [0, 0, 0.03, 0.80859], "texture": "#5"},
				"south": {"uv": [0, 0, 0.82031, 0.80859], "texture": "#5"},
				"west": {"uv": [0, 0, 0.03, 0.80859], "texture": "#5"},
				"up": {"uv": [0, 0, 0.82031, 0.03], "rotation": 180, "texture": "#5"},
				"down": {"uv": [0, 0, 0.82031, 0.03], "rotation": 180, "texture": "#5"}
			}
		},
		{
			"from": [6.64297, 10.63672, 12.54031],
			"to": [7.46328, 11.44531, 12.57031],
			"rotation": {"angle": -22.5, "axis": "x", "origin": [7.12734, 11.05078, 12.54531]},
			"faces": {
				"north": {"uv": [0, 0, 0.82031, 0.80859], "texture": "#5"},
				"east": {"uv": [0, 0, 0.03, 0.80859], "texture": "#5"},
				"south": {"uv": [0, 0, 0.82031, 0.80859], "texture": "#5"},
				"west": {"uv": [0, 0, 0.03, 0.80859], "texture": "#5"},
				"up": {"uv": [0, 0, 0.82031, 0.03], "rotation": 180, "texture": "#5"},
				"down": {"uv": [0, 0, 0.82031, 0.03], "rotation": 180, "texture": "#5"}
			}
		},
		{
			"from": [6.64297, 10.63672, 12.61062],
			"to": [7.46328, 11.44531, 12.64062],
			"rotation": {"angle": -22.5, "axis": "x", "origin": [7.12734, 11.05078, 12.61562]},
			"faces": {
				"north": {"uv": [0, 0, 0.82031, 0.80859], "texture": "#5"},
				"east": {"uv": [0, 0, 0.03, 0.80859], "texture": "#5"},
				"south": {"uv": [0, 0, 0.82031, 0.80859], "texture": "#5"},
				"west": {"uv": [0, 0, 0.03, 0.80859], "texture": "#5"},
				"up": {"uv": [0, 0, 0.82031, 0.03], "rotation": 180, "texture": "#5"},
				"down": {"uv": [0, 0, 0.82031, 0.03], "rotation": 180, "texture": "#5"}
			}
		},
		{
			"from": [6.64297, 10.63672, 12.36843],
			"to": [7.46328, 11.44531, 12.39843],
			"rotation": {"angle": -22.5, "axis": "x", "origin": [7.12734, 11.05078, 12.37343]},
			"faces": {
				"north": {"uv": [0, 0, 0.82031, 0.80859], "texture": "#5"},
				"east": {"uv": [0, 0, 0.03, 0.80859], "texture": "#5"},
				"south": {"uv": [0, 0, 0.82031, 0.80859], "texture": "#5"},
				"west": {"uv": [0, 0, 0.03, 0.80859], "texture": "#5"},
				"up": {"uv": [0, 0, 0.82031, 0.03], "rotation": 180, "texture": "#5"},
				"down": {"uv": [0, 0, 0.82031, 0.03], "rotation": 180, "texture": "#5"}
			}
		},
		{
			"from": [6.64297, 10.63672, 12.26687],
			"to": [7.46328, 11.44531, 12.29687],
			"rotation": {"angle": -22.5, "axis": "x", "origin": [7.12734, 11.05078, 12.27187]},
			"faces": {
				"north": {"uv": [0, 0, 0.82031, 0.80859], "texture": "#5"},
				"east": {"uv": [0, 0, 0.03, 0.80859], "texture": "#5"},
				"south": {"uv": [0, 0, 0.82031, 0.80859], "texture": "#5"},
				"west": {"uv": [0, 0, 0.03, 0.80859], "texture": "#5"},
				"up": {"uv": [0, 0, 0.82031, 0.03], "rotation": 180, "texture": "#5"},
				"down": {"uv": [0, 0, 0.82031, 0.03], "rotation": 180, "texture": "#5"}
			}
		},
		{
			"from": [6.64297, 10.63672, 12.16921],
			"to": [7.46328, 11.44531, 12.19921],
			"rotation": {"angle": -22.5, "axis": "x", "origin": [7.12734, 11.05078, 12.17421]},
			"faces": {
				"north": {"uv": [0, 0, 0.82031, 0.80859], "texture": "#5"},
				"east": {"uv": [0, 0, 0.03, 0.80859], "texture": "#5"},
				"south": {"uv": [0, 0, 0.82031, 0.80859], "texture": "#5"},
				"west": {"uv": [0, 0, 0.03, 0.80859], "texture": "#5"},
				"up": {"uv": [0, 0, 0.82031, 0.03], "rotation": 180, "texture": "#5"},
				"down": {"uv": [0, 0, 0.82031, 0.03], "rotation": 180, "texture": "#5"}
			}
		},
		{
			"from": [6.64297, 10.63672, 12.07546],
			"to": [7.46328, 11.44531, 12.10546],
			"rotation": {"angle": -22.5, "axis": "x", "origin": [7.12734, 11.05078, 12.08046]},
			"faces": {
				"north": {"uv": [0, 0, 0.82031, 0.80859], "texture": "#5"},
				"east": {"uv": [0, 0, 0.03, 0.80859], "texture": "#5"},
				"south": {"uv": [0, 0, 0.82031, 0.80859], "texture": "#5"},
				"west": {"uv": [0, 0, 0.03, 0.80859], "texture": "#5"},
				"up": {"uv": [0, 0, 0.82031, 0.03], "rotation": 180, "texture": "#5"},
				"down": {"uv": [0, 0, 0.82031, 0.03], "rotation": 180, "texture": "#5"}
			}
		},
		{
			"from": [6.64297, 10.63672, 11.98562],
			"to": [7.46328, 11.44531, 12.01562],
			"rotation": {"angle": -22.5, "axis": "x", "origin": [7.12734, 11.05078, 11.99062]},
			"faces": {
				"north": {"uv": [0, 0, 0.82031, 0.80859], "texture": "#5"},
				"east": {"uv": [0, 0, 0.03, 0.80859], "texture": "#5"},
				"south": {"uv": [0, 0, 0.82031, 0.80859], "texture": "#5"},
				"west": {"uv": [0, 0, 0.03, 0.80859], "texture": "#5"},
				"up": {"uv": [0, 0, 0.82031, 0.03], "rotation": 180, "texture": "#5"},
				"down": {"uv": [0, 0, 0.82031, 0.03], "rotation": 180, "texture": "#5"}
			}
		},
		{
			"from": [6.64297, 10.63672, 11.88406],
			"to": [7.46328, 11.44531, 11.91406],
			"rotation": {"angle": -22.5, "axis": "x", "origin": [7.12734, 11.05078, 11.88906]},
			"faces": {
				"north": {"uv": [0, 0, 0.82031, 0.80859], "texture": "#5"},
				"east": {"uv": [0, 0, 0.03, 0.80859], "texture": "#5"},
				"south": {"uv": [0, 0, 0.82031, 0.80859], "texture": "#5"},
				"west": {"uv": [0, 0, 0.03, 0.80859], "texture": "#5"},
				"up": {"uv": [0, 0, 0.82031, 0.03], "rotation": 180, "texture": "#5"},
				"down": {"uv": [0, 0, 0.82031, 0.03], "rotation": 180, "texture": "#5"}
			}
		},
		{
			"from": [6.64297, 10.63672, 11.7825],
			"to": [7.46328, 11.44531, 11.8125],
			"rotation": {"angle": -22.5, "axis": "x", "origin": [7.12734, 11.05078, 11.7875]},
			"faces": {
				"north": {"uv": [0, 0, 0.82031, 0.80859], "texture": "#5"},
				"east": {"uv": [0, 0, 0.03, 0.80859], "texture": "#5"},
				"south": {"uv": [0, 0, 0.82031, 0.80859], "texture": "#5"},
				"west": {"uv": [0, 0, 0.03, 0.80859], "texture": "#5"},
				"up": {"uv": [0, 0, 0.82031, 0.03], "rotation": 180, "texture": "#5"},
				"down": {"uv": [0, 0, 0.82031, 0.03], "rotation": 180, "texture": "#5"}
			}
		},
		{
			"from": [6.64297, 10.63672, 11.68484],
			"to": [7.46328, 11.44531, 11.71484],
			"rotation": {"angle": -22.5, "axis": "x", "origin": [7.12734, 11.05078, 11.68984]},
			"faces": {
				"north": {"uv": [0, 0, 0.82031, 0.80859], "texture": "#5"},
				"east": {"uv": [0, 0, 0.03, 0.80859], "texture": "#5"},
				"south": {"uv": [0, 0, 0.82031, 0.80859], "texture": "#5"},
				"west": {"uv": [0, 0, 0.03, 0.80859], "texture": "#5"},
				"up": {"uv": [0, 0, 0.82031, 0.03], "rotation": 180, "texture": "#5"},
				"down": {"uv": [0, 0, 0.82031, 0.03], "rotation": 180, "texture": "#5"}
			}
		},
		{
			"from": [6.64297, 10.63672, 11.58718],
			"to": [7.46328, 11.44531, 11.61718],
			"rotation": {"angle": -22.5, "axis": "x", "origin": [7.12734, 11.05078, 11.59218]},
			"faces": {
				"north": {"uv": [0, 0, 0.82031, 0.80859], "texture": "#5"},
				"east": {"uv": [0, 0, 0.03, 0.80859], "texture": "#5"},
				"south": {"uv": [0, 0, 0.82031, 0.80859], "texture": "#5"},
				"west": {"uv": [0, 0, 0.03, 0.80859], "texture": "#5"},
				"up": {"uv": [0, 0, 0.82031, 0.03], "rotation": 180, "texture": "#5"},
				"down": {"uv": [0, 0, 0.82031, 0.03], "rotation": 180, "texture": "#5"}
			}
		},
		{
			"from": [6.64297, 10.63672, 11.48953],
			"to": [7.46328, 11.44531, 11.51953],
			"rotation": {"angle": -22.5, "axis": "x", "origin": [7.12734, 11.05078, 11.49453]},
			"faces": {
				"north": {"uv": [0, 0, 0.82031, 0.80859], "texture": "#5"},
				"east": {"uv": [0, 0, 0.03, 0.80859], "texture": "#5"},
				"south": {"uv": [0, 0, 0.82031, 0.80859], "texture": "#5"},
				"west": {"uv": [0, 0, 0.03, 0.80859], "texture": "#5"},
				"up": {"uv": [0, 0, 0.82031, 0.03], "rotation": 180, "texture": "#5"},
				"down": {"uv": [0, 0, 0.82031, 0.03], "rotation": 180, "texture": "#5"}
			}
		},
		{
			"from": [6.62735, 6.03515, 10.97265],
			"to": [7.48281, 10.30468, 12.92968],
			"rotation": {"angle": -22.5, "axis": "x", "origin": [7.05117, 9.9121, 12.05663]},
			"faces": {
				"north": {"uv": [0, 0, 1, 0.78516], "texture": "#0"},
				"east": {"uv": [0, 0, 8.34766, 0.78516], "texture": "#0"},
				"south": {"uv": [0, 0, 1, 0.78516], "texture": "#0"},
				"west": {"uv": [0, 0, 8.34766, 0.78516], "texture": "#0"},
				"up": {"uv": [0, 0, 1, 8.34766], "rotation": 180, "texture": "#0"},
				"down": {"uv": [0, 0, 1, 8.34766], "rotation": 180, "texture": "#0"}
			}
		},
		{
			"from": [6.81875, 6.07565, 5.51816],
			"to": [7.30313, 8.27096, 6.50253],
			"rotation": {"angle": 22.5, "axis": "x", "origin": [6.86758, 5.38229, 6.46152]},
			"faces": {
				"north": {"uv": [0, 0.78516, 1, 0], "texture": "#8"},
				"east": {"uv": [0, 0.78516, 8.34766, 0], "texture": "#8"},
				"south": {"uv": [0, 0.78516, 1, 0], "texture": "#8"},
				"west": {"uv": [0, 0.78516, 8.34766, 0], "texture": "#8"},
				"up": {"uv": [0, 8.34766, 1, 0], "rotation": 180, "texture": "#8"},
				"down": {"uv": [0, 8.34766, 1, 0], "rotation": 180, "texture": "#8"}
			}
		},
		{
			"from": [6.88516, 4.85699, 6.22943],
			"to": [7.26406, 9.97809, 7.19427],
			"rotation": {"angle": 22.5, "axis": "x", "origin": [6.86758, 7.08941, 7.15326]},
			"faces": {
				"north": {"uv": [0, 0.78516, 1, 0], "texture": "#5"},
				"east": {"uv": [0, 0.78516, 8.34766, 0], "texture": "#8"},
				"south": {"uv": [0, 0.78516, 1, 0], "texture": "#5"},
				"west": {"uv": [0, 0.78516, 8.34766, 0], "texture": "#6"},
				"up": {"uv": [0, 8.34766, 1, 0], "rotation": 180, "texture": "#5"},
				"down": {"uv": [0, 8.34766, 1, 0], "rotation": 180, "texture": "#5"}
			}
		},
		{
			"from": [6.82266, 4.97799, 5.51035],
			"to": [7.29922, 9.86471, 5.90487],
			"rotation": {"angle": 22.5, "axis": "x", "origin": [6.86758, 5.38229, 6.46152]},
			"faces": {
				"north": {"uv": [0, 0.78516, 1, 0], "texture": "#8"},
				"east": {"uv": [0, 0.78516, 8.34766, 0], "texture": "#8"},
				"south": {"uv": [0, 0.78516, 1, 0], "texture": "#8"},
				"west": {"uv": [0, 0.78516, 8.34766, 0], "texture": "#8"},
				"up": {"uv": [0, 8.34766, 1, 0], "rotation": 180, "texture": "#8"},
				"down": {"uv": [0, 8.34766, 1, 0], "rotation": 180, "texture": "#8"}
			}
		},
		{
			"from": [6.82266, 4.88583, 6.95164],
			"to": [7.29922, 10.00693, 7.34617],
			"rotation": {"angle": 22.5, "axis": "x", "origin": [7.06094, 7.44638, 7.14891]},
			"faces": {
				"north": {"uv": [0, 0.78516, 1, 0], "texture": "#8"},
				"east": {"uv": [0, 0.78516, 8.34766, 0], "texture": "#8"},
				"south": {"uv": [0, 0.78516, 1, 0], "texture": "#8"},
				"west": {"uv": [0, 0.78516, 8.34766, 0], "texture": "#8"},
				"up": {"uv": [0, 8.34766, 1, 0], "rotation": 180, "texture": "#8"},
				"down": {"uv": [0, 8.34766, 1, 0], "rotation": 180, "texture": "#8"}
			}
		},
		{
			"from": [6.63125, 5.29327, 12.55391],
			"to": [7.47891, 6.66436, 14.34687],
			"rotation": {"angle": 0, "axis": "x", "origin": [7.05117, 5.82061, 13.47382]},
			"faces": {
				"north": {"uv": [0, 0, 1, 0.78516], "texture": "#0"},
				"east": {"uv": [0, 0, 8.34766, 0.78516], "texture": "#0"},
				"south": {"uv": [0, 0, 1, 0.78516], "texture": "#0"},
				"west": {"uv": [0, 0, 8.34766, 0.78516], "texture": "#0"},
				"up": {"uv": [0, 0, 1, 8.34766], "rotation": 180, "texture": "#0"},
				"down": {"uv": [0, 0, 1, 8.34766], "rotation": 180, "texture": "#0"}
			}
		},
		{
			"from": [6.54997, 4.99639, 12.48359],
			"to": [7.54531, 5.28546, 14.10859],
			"rotation": {"angle": 0, "axis": "y", "origin": [7.05117, 5.52374, 13.23554]},
			"faces": {
				"north": {"uv": [0, 0, 1, 0.78516], "texture": "#5"},
				"east": {"uv": [0, 0, 8.34766, 0.78516], "texture": "#5"},
				"south": {"uv": [0, 0, 1, 0.78516], "texture": "#5"},
				"west": {"uv": [0, 0, 8.34766, 0.78516], "texture": "#5"},
				"up": {"uv": [0, 0, 1, 8.34766], "rotation": 180, "texture": "#5"},
				"down": {"uv": [0, 0, 1, 8.34766], "rotation": 180, "texture": "#5"}
			}
		},
		{
			"from": [6.54997, 5.03471, 12.3989],
			"to": [7.54531, 5.30424, 12.6489],
			"rotation": {"angle": -22.5, "axis": "x", "origin": [7.05117, 5.15971, 12.5239]},
			"faces": {
				"north": {"uv": [0, 0, 1, 0.78516], "texture": "#5"},
				"east": {"uv": [0, 0, 8.34766, 0.78516], "texture": "#5"},
				"south": {"uv": [0, 0, 1, 0.78516], "texture": "#5"},
				"west": {"uv": [0, 0, 8.34766, 0.78516], "texture": "#5"},
				"up": {"uv": [0, 0, 1, 8.34766], "rotation": 180, "texture": "#5"},
				"down": {"uv": [0, 0, 1, 8.34766], "rotation": 180, "texture": "#5"}
			}
		},
		{
			"from": [6.57341, 9.36298, 6.90156],
			"to": [7.5375, 9.65205, 8.31171],
			"rotation": {"angle": 0, "axis": "y", "origin": [7.05117, 9.1247, 7.65351]},
			"faces": {
				"north": {"uv": [0, 0.78516, 1, 0], "texture": "#8"},
				"east": {"uv": [0, 0.78516, 8.34766, 0], "texture": "#8"},
				"south": {"uv": [0, 0.78516, 1, 0], "texture": "#8"},
				"west": {"uv": [0, 0.78516, 8.34766, 0], "texture": "#8"},
				"up": {"uv": [0, 8.34766, 1, 0], "rotation": 180, "texture": "#8"},
				"down": {"uv": [0, 8.34766, 1, 0], "rotation": 180, "texture": "#8"}
			}
		},
		{
			"from": [6.58513, 9.34419, 6.84421],
			"to": [7.52578, 9.61373, 7.09421],
			"rotation": {"angle": 22.5, "axis": "x", "origin": [7.05117, 9.48873, 6.96921]},
			"faces": {
				"north": {"uv": [0, 0.78516, 1, 0], "texture": "#8"},
				"east": {"uv": [0, 0.78516, 8.34766, 0], "texture": "#8"},
				"south": {"uv": [0, 0.78516, 1, 0], "texture": "#8"},
				"west": {"uv": [0, 0.78516, 8.34766, 0], "texture": "#8"},
				"up": {"uv": [0, 8.34766, 1, 0], "rotation": 180, "texture": "#8"},
				"down": {"uv": [0, 8.34766, 1, 0], "rotation": 180, "texture": "#8"}
			}
		},
		{
			"from": [6.80313, 9.48072, 8.26044],
			"to": [7.30313, 10.11353, 8.70575],
			"rotation": {"angle": -22.5, "axis": "x", "origin": [6.86563, 9.80298, 8.55731]},
			"faces": {
				"north": {"uv": [0, 0, 0.5, 0.63281], "texture": "#0"},
				"east": {"uv": [0, 0, 0.44531, 0.63281], "texture": "#0"},
				"south": {"uv": [0, 0, 0.5, 0.63281], "texture": "#0"},
				"west": {"uv": [0, 0, 0.44531, 0.63281], "texture": "#0"},
				"up": {"uv": [0, 0, 0.5, 0.44531], "rotation": 180, "texture": "#0"},
				"down": {"uv": [0, 0, 0.5, 0.44531], "rotation": 180, "texture": "#0"}
			}
		},
		{
			"from": [6.80313, 9.48072, 8.26044],
			"to": [7.30313, 10.11353, 9.69403],
			"rotation": {"angle": -22.5, "axis": "x", "origin": [6.86563, 9.80298, 8.55731]},
			"faces": {
				"north": {"uv": [0, 0, 0.5, 0.63281], "texture": "#0"},
				"east": {"uv": [0, 0, 1.43359, 0.63281], "texture": "#0"},
				"south": {"uv": [0, 0, 0.5, 0.63281], "texture": "#0"},
				"west": {"uv": [0, 0, 1.43359, 0.63281], "texture": "#0"},
				"up": {"uv": [0, 0, 0.5, 1.43359], "rotation": 180, "texture": "#0"},
				"down": {"uv": [0, 0, 0.5, 1.43359], "rotation": 180, "texture": "#0"}
			}
		},
		{
			"from": [6.80313, 9.10074, 8.48054],
			"to": [7.30313, 9.44058, 8.65242],
			"rotation": {"angle": -22.5, "axis": "x", "origin": [6.87344, 9.22965, 8.56648]},
			"faces": {
				"north": {"uv": [0, 0, 0.5, 0.33984], "texture": "#0"},
				"east": {"uv": [0, 0, 0.17188, 0.33984], "texture": "#0"},
				"south": {"uv": [0, 0, 0.5, 0.33984], "texture": "#0"},
				"west": {"uv": [0, 0, 0.17188, 0.33984], "texture": "#0"},
				"up": {"uv": [0, 0, 0.5, 0.17188], "rotation": 180, "texture": "#0"},
				"down": {"uv": [0, 0, 0.5, 0.17188], "rotation": 180, "texture": "#0"}
			}
		},
		{
			"from": [6.80313, 8.41504, 8.59751],
			"to": [7.30313, 8.83691, 8.76939],
			"rotation": {"angle": -22.5, "axis": "x", "origin": [6.87344, 8.62598, 8.68345]},
			"faces": {
				"north": {"uv": [0, 0, 0.5, 0.42188], "texture": "#0"},
				"east": {"uv": [0, 0, 0.17188, 0.42188], "texture": "#0"},
				"south": {"uv": [0, 0, 0.5, 0.42188], "texture": "#0"},
				"west": {"uv": [0, 0, 0.17188, 0.42188], "texture": "#0"},
				"up": {"uv": [0, 0, 0.5, 0.17188], "rotation": 180, "texture": "#0"},
				"down": {"uv": [0, 0, 0.5, 0.17188], "rotation": 180, "texture": "#0"}
			}
		},
		{
			"from": [6.80313, 8.78797, 8.52333],
			"to": [7.30313, 9.14344, 8.69521],
			"rotation": {"angle": 0, "axis": "x", "origin": [6.87344, 8.9325, 8.60927]},
			"faces": {
				"north": {"uv": [0, 0, 0.5, 0.35547], "texture": "#0"},
				"east": {"uv": [0, 0, 0.17188, 0.35547], "texture": "#0"},
				"south": {"uv": [0, 0, 0.5, 0.35547], "texture": "#0"},
				"west": {"uv": [0, 0, 0.17188, 0.35547], "texture": "#0"},
				"up": {"uv": [0, 0, 0.5, 0.17188], "rotation": 180, "texture": "#0"},
				"down": {"uv": [0, 0, 0.5, 0.17188], "rotation": 180, "texture": "#0"}
			}
		},
		{
			"from": [6.80313, 8.31095, 8.70161],
			"to": [7.30313, 8.48282, 9.12348],
			"rotation": {"angle": 22.5, "axis": "x", "origin": [6.87344, 8.39688, 8.91254]},
			"faces": {
				"north": {"uv": [0, 0, 0.5, 0.17188], "texture": "#0"},
				"east": {"uv": [0, 0, 0.17188, 0.42188], "rotation": 90, "texture": "#0"},
				"south": {"uv": [0, 0, 0.5, 0.17188], "rotation": 180, "texture": "#0"},
				"west": {"uv": [0, 0, 0.17188, 0.42188], "rotation": 270, "texture": "#0"},
				"up": {"uv": [0, 0, 0.5, 0.42188], "texture": "#0"},
				"down": {"uv": [0, 0, 0.5, 0.42188], "rotation": 180, "texture": "#0"}
			}
		},
		{
			"from": [6.80313, 8.31095, 10.08809],
			"to": [7.30313, 8.51798, 10.50997],
			"rotation": {"angle": -22.5, "axis": "x", "origin": [6.87344, 8.39688, 10.29903]},
			"faces": {
				"north": {"uv": [0, 0, 0.5, 0.20703], "texture": "#0"},
				"east": {"uv": [0, 0, 0.20703, 0.42188], "rotation": 90, "texture": "#0"},
				"south": {"uv": [0, 0, 0.5, 0.20703], "rotation": 180, "texture": "#0"},
				"west": {"uv": [0, 0, 0.20703, 0.42188], "rotation": 270, "texture": "#0"},
				"up": {"uv": [0, 0, 0.5, 0.42188], "texture": "#0"},
				"down": {"uv": [0, 0, 0.5, 0.42188], "rotation": 180, "texture": "#0"}
			}
		},
		{
			"from": [6.80313, 8.52219, 10.40425],
			"to": [7.30313, 8.74094, 10.82613],
			"rotation": {"angle": -45, "axis": "x", "origin": [6.87344, 8.60813, 10.61519]},
			"faces": {
				"north": {"uv": [0, 0, 0.5, 0.21875], "texture": "#0"},
				"east": {"uv": [0, 0, 0.21875, 0.42188], "rotation": 90, "texture": "#0"},
				"south": {"uv": [0, 0, 0.5, 0.21875], "rotation": 180, "texture": "#0"},
				"west": {"uv": [0, 0, 0.21875, 0.42188], "rotation": 270, "texture": "#0"},
				"up": {"uv": [0, 0, 0.5, 0.42188], "texture": "#0"},
				"down": {"uv": [0, 0, 0.5, 0.42188], "rotation": 180, "texture": "#0"}
			}
		},
		{
			"from": [6.80313, 8.71335, 10.66237],
			"to": [7.30313, 9.13523, 10.91237],
			"rotation": {"angle": 22.5, "axis": "x", "origin": [6.87344, 8.92429, 10.82644]},
			"faces": {
				"north": {"uv": [0, 0, 0.5, 0.42188], "rotation": 180, "texture": "#0"},
				"east": {"uv": [0, 0, 0.25, 0.42188], "rotation": 180, "texture": "#0"},
				"south": {"uv": [0, 0, 0.5, 0.42188], "rotation": 180, "texture": "#0"},
				"west": {"uv": [0, 0, 0.25, 0.42188], "rotation": 180, "texture": "#0"},
				"up": {"uv": [0, 0, 0.5, 0.25], "rotation": 180, "texture": "#0"},
				"down": {"uv": [0, 0, 0.5, 0.25], "rotation": 180, "texture": "#0"}
			}
		},
		{
			"from": [6.7211, 8.8889, 10.63503],
			"to": [7.39297, 10.00609, 11.25222],
			"rotation": {"angle": -22.5, "axis": "x", "origin": [6.87344, 9.50609, 10.82644]},
			"faces": {
				"north": {"uv": [0, 0, 0.67188, 1.11719], "rotation": 180, "texture": "#0"},
				"east": {"uv": [0, 0, 0.61719, 1.11719], "rotation": 180, "texture": "#0"},
				"south": {"uv": [0, 0, 0.67188, 1.11719], "rotation": 180, "texture": "#0"},
				"west": {"uv": [0, 0, 0.61719, 1.11719], "rotation": 180, "texture": "#0"},
				"up": {"uv": [0, 0, 0.67188, 0.61719], "rotation": 180, "texture": "#0"},
				"down": {"uv": [0, 0, 0.67188, 0.61719], "rotation": 180, "texture": "#0"}
			}
		},
		{
			"from": [6.80313, 9.08628, 10.72874],
			"to": [7.30313, 9.34409, 10.98656],
			"rotation": {"angle": 0, "axis": "x", "origin": [6.87344, 9.01988, 10.90062]},
			"faces": {
				"north": {"uv": [0, 0, 0.5, 0.25781], "rotation": 180, "texture": "#0"},
				"east": {"uv": [0, 0, 0.25781, 0.25781], "rotation": 180, "texture": "#0"},
				"south": {"uv": [0, 0, 0.5, 0.25781], "rotation": 180, "texture": "#0"},
				"west": {"uv": [0, 0, 0.25781, 0.25781], "rotation": 180, "texture": "#0"},
				"up": {"uv": [0, 0, 0.5, 0.25781], "rotation": 180, "texture": "#0"},
				"down": {"uv": [0, 0, 0.5, 0.25781], "rotation": 180, "texture": "#0"}
			}
		},
		{
			"from": [6.80313, 8.23676, 9.07454],
			"to": [7.30313, 8.42036, 10.13704],
			"rotation": {"angle": 0, "axis": "x", "origin": [7.05313, 8.3227, 9.47884]},
			"faces": {
				"north": {"uv": [0, 0, 0.5, 0.18359], "texture": "#0"},
				"east": {"uv": [0, 0, 0.18359, 1.0625], "rotation": 90, "texture": "#0"},
				"south": {"uv": [0, 0, 0.5, 0.18359], "rotation": 180, "texture": "#0"},
				"west": {"uv": [0, 0, 0.18359, 1.0625], "rotation": 270, "texture": "#0"},
				"up": {"uv": [0, 0, 0.5, 1.0625], "texture": "#0"},
				"down": {"uv": [0, 0, 0.5, 1.0625], "rotation": 180, "texture": "#0"}
			}
		},
		{
			"from": [6.83438, 9.61567, 8.90657],
			"to": [7.29922, 10.04926, 10.75032],
			"rotation": {"angle": 0, "axis": "y", "origin": [7.05313, 9.7563, 9.47884]},
			"faces": {
				"north": {"uv": [0, 0, 0.46484, 0.43359], "texture": "#0"},
				"east": {"uv": [0, 0, 0.43359, 1.84375], "rotation": 90, "texture": "#0"},
				"south": {"uv": [0, 0, 0.46484, 0.43359], "rotation": 180, "texture": "#0"},
				"west": {"uv": [0, 0, 0.43359, 1.84375], "rotation": 270, "texture": "#0"},
				"up": {"uv": [0, 0, 0.46484, 1.84375], "texture": "#0"},
				"down": {"uv": [0, 0, 0.46484, 1.84375], "rotation": 180, "texture": "#0"}
			}
		},
		{
			"from": [6.82266, 5.00525, 5.66768],
			"to": [7.29922, 5.26697, 6.35127],
			"rotation": {"angle": 0, "axis": "x", "origin": [7.05508, 5.13611, 6.00948]},
			"faces": {
				"north": {"uv": [0, 0, 1, 0.25391], "texture": "#8"},
				"east": {"uv": [0, 0, 0.25391, 0.26953], "rotation": 90, "texture": "#8"},
				"south": {"uv": [0, 0, 1, 0.25391], "rotation": 180, "texture": "#8"},
				"west": {"uv": [0, 0, 0.25391, 0.26953], "rotation": 270, "texture": "#8"},
				"up": {"uv": [0, 0, 1, 0.26953], "texture": "#8"},
				"down": {"uv": [0, 0, 1, 0.26953], "rotation": 180, "texture": "#8"}
			}
		},
		{
			"from": [6.90469, 5.16541, 5.55049],
			"to": [7.18594, 5.32557, 6.23408],
			"rotation": {"angle": 0, "axis": "y", "origin": [7.05508, 5.29627, 5.89229]},
			"faces": {
				"north": {"uv": [0, 0, 1, 0.25391], "texture": "#9"},
				"east": {"uv": [0, 0, 0.25391, 0.26953], "rotation": 90, "texture": "#9"},
				"south": {"uv": [0, 0, 1, 0.25391], "rotation": 180, "texture": "#9"},
				"west": {"uv": [0, 0, 0.25391, 0.26953], "rotation": 270, "texture": "#9"},
				"up": {"uv": [0, 0, 1, 0.26953], "texture": "#9"},
				"down": {"uv": [0, 0, 1, 0.26953], "rotation": 180, "texture": "#9"}
			}
		},
		{
			"from": [6.83438, 9.36176, 9.84798],
			"to": [7.30313, 9.6313, 10.14094],
			"rotation": {"angle": 0, "axis": "y", "origin": [7.06875, 9.49653, 9.99446]},
			"faces": {
				"north": {"uv": [0, 0, 0.46875, 0.26953], "texture": "#5"},
				"east": {"uv": [0, 0, 0.29297, 0.26953], "texture": "#5"},
				"south": {"uv": [0, 0, 0.46875, 0.26953], "texture": "#5"},
				"west": {"uv": [0, 0, 0.29297, 0.26953], "texture": "#5"},
				"up": {"uv": [0, 0, 0.46875, 0.29297], "rotation": 180, "texture": "#5"},
				"down": {"uv": [0, 0, 0.46875, 0.29297], "rotation": 180, "texture": "#5"}
			}
		},
		{
			"from": [6.85, 9.15855, 9.84662],
			"to": [7.29531, 9.42808, 10.10052],
			"rotation": {"angle": 22.5, "axis": "x", "origin": [7.06875, 9.29331, 9.95404]},
			"faces": {
				"north": {"uv": [0, 0, 0.44531, 0.26953], "texture": "#5"},
				"east": {"uv": [0, 0, 0.25391, 0.26953], "texture": "#5"},
				"south": {"uv": [0, 0, 0.44531, 0.26953], "texture": "#5"},
				"west": {"uv": [0, 0, 0.25391, 0.26953], "texture": "#5"},
				"up": {"uv": [0, 0, 0.44531, 0.25391], "rotation": 180, "texture": "#5"},
				"down": {"uv": [0, 0, 0.44531, 0.25391], "rotation": 180, "texture": "#5"}
			}
		},
		{
			"from": [6.85781, 8.98627, 9.76275],
			"to": [7.27188, 9.2558, 9.98541],
			"rotation": {"angle": 45, "axis": "x", "origin": [7.06875, 9.12104, 9.83893]},
			"faces": {
				"north": {"uv": [0, 0, 0.41406, 0.26953], "texture": "#5"},
				"east": {"uv": [0, 0, 0.22266, 0.26953], "texture": "#5"},
				"south": {"uv": [0, 0, 0.41406, 0.26953], "texture": "#5"},
				"west": {"uv": [0, 0, 0.22266, 0.26953], "texture": "#5"},
				"up": {"uv": [0, 0, 0.41406, 0.22266], "rotation": 180, "texture": "#5"},
				"down": {"uv": [0, 0, 0.41406, 0.22266], "rotation": 180, "texture": "#5"}
			}
		},
		{
			"from": [6.86563, 8.85944, 9.53188],
			"to": [7.24844, 9.05475, 9.80141],
			"rotation": {"angle": -22.5, "axis": "x", "origin": [7.06875, 9.00592, 9.66665]},
			"faces": {
				"north": {"uv": [0, 0, 0.38281, 0.19531], "texture": "#5"},
				"east": {"uv": [0, 0, 0.19531, 0.26953], "rotation": 270, "texture": "#5"},
				"south": {"uv": [0, 0, 0.38281, 0.19531], "rotation": 180, "texture": "#5"},
				"west": {"uv": [0, 0, 0.19531, 0.26953], "rotation": 90, "texture": "#5"},
				"up": {"uv": [0, 0, 0.38281, 0.26953], "rotation": 180, "texture": "#5"},
				"down": {"uv": [0, 0, 0.38281, 0.26953], "texture": "#5"}
			}
		},
		{
			"from": [6.60391, 9.97266, 9.70702],
			"to": [7.06094, 10.29297, 10.70702],
			"rotation": {"angle": -22.5, "axis": "y", "origin": [6.6918, 10.15039, 10.20702]},
			"faces": {
				"north": {"uv": [0, 0, 0.45703, 0.32031], "texture": "#5"},
				"east": {"uv": [0, 0, 1, 0.32031], "texture": "#5"},
				"south": {"uv": [0, 0, 0.45703, 0.32031], "texture": "#5"},
				"west": {"uv": [0, 0, 1, 0.32031], "texture": "#8"},
				"up": {"uv": [0, 0, 0.45703, 1], "rotation": 180, "texture": "#5"},
				"down": {"uv": [0, 0, 0.45703, 1], "rotation": 180, "texture": "#5"}
			}
		},
		{
			"from": [6.55703, 9.95312, 9.70702],
			"to": [7.01406, 10.30859, 10.70702],
			"rotation": {"angle": 0, "axis": "y", "origin": [6.64492, 10.16602, 10.20702]},
			"faces": {
				"north": {"uv": [0, 0, 0.45703, 0.35547], "texture": "#5"},
				"east": {"uv": [0, 0, 1, 0.35547], "texture": "#5"},
				"south": {"uv": [0, 0, 0.45703, 0.35547], "texture": "#5"},
				"west": {"uv": [0, 0, 1, 0.35547], "texture": "#5"},
				"up": {"uv": [0, 0, 0.45703, 1], "rotation": 180, "texture": "#5"},
				"down": {"uv": [0, 0, 0.45703, 1], "rotation": 180, "texture": "#5"}
			}
		},
		{
			"from": [6.74063, 9.65625, 7.62108],
			"to": [7.34219, 10.09766, 7.89452],
			"rotation": {"angle": 0, "axis": "y", "origin": [7.04141, 9.87695, 7.7578]},
			"faces": {
				"north": {"uv": [0, 0, 0.60156, 0.44141], "texture": "#6"},
				"east": {"uv": [0, 0, 0.27344, 0.44141], "texture": "#6"},
				"south": {"uv": [0, 0, 0.60156, 0.44141], "texture": "#6"},
				"west": {"uv": [0, 0, 0.27344, 0.44141], "texture": "#6"},
				"up": {"uv": [0, 0, 0.60156, 0.27344], "rotation": 180, "texture": "#6"},
				"down": {"uv": [0, 0, 0.60156, 0.27344], "rotation": 180, "texture": "#6"}
			}
		},
		{
			"from": [6.62344, 9.92578, 11.21483],
			"to": [7.08047, 10.08984, 12.21483],
			"rotation": {"angle": 22.5, "axis": "y", "origin": [6.71133, 10.12695, 11.71483]},
			"faces": {
				"north": {"uv": [0, 0, 0.45703, 0.16406], "texture": "#5"},
				"east": {"uv": [0, 0, 1, 0.16406], "texture": "#5"},
				"south": {"uv": [0, 0, 0.45703, 0.16406], "texture": "#5"},
				"west": {"uv": [0, 0, 1, 0.16406], "texture": "#8"},
				"up": {"uv": [0, 0, 0.45703, 1], "rotation": 180, "texture": "#5"},
				"down": {"uv": [0, 0, 0.45703, 1], "rotation": 180, "texture": "#5"}
			}
		},
		{
			"from": [6.56875, 9.91406, 11.21483],
			"to": [7.02578, 10.10937, 12.21483],
			"rotation": {"angle": 0, "axis": "y", "origin": [6.65664, 10.12695, 11.71483]},
			"faces": {
				"north": {"uv": [0, 0, 0.45703, 0.19531], "texture": "#5"},
				"east": {"uv": [0, 0, 1, 0.19531], "texture": "#5"},
				"south": {"uv": [0, 0, 0.45703, 0.19531], "texture": "#5"},
				"west": {"uv": [0, 0, 1, 0.19531], "texture": "#5"},
				"up": {"uv": [0, 0, 0.45703, 1], "rotation": 180, "texture": "#5"},
				"down": {"uv": [0, 0, 0.45703, 1], "rotation": 180, "texture": "#5"}
			}
		},
		{
			"name": "sti2",
			"from": [6.70938, 9.73828, 7.70077],
			"to": [7.31094, 9.81484, 7.80077],
			"rotation": {"angle": 0, "axis": "y", "origin": [6.86284, 9.21402, 10.54098]},
			"faces": {
				"north": {"uv": [0, 0, 0.60156, 0.07656], "texture": "#6"},
				"east": {"uv": [0, 0, 0.1, 0.07656], "texture": "#6"},
				"south": {"uv": [0, 0, 0.60156, 0.07656], "texture": "#6"},
				"west": {"uv": [0, 0, 0.1, 0.07656], "texture": "#6"},
				"up": {"uv": [0, 0, 0.60156, 0.1], "rotation": 180, "texture": "#6"},
				"down": {"uv": [0, 0, 0.60156, 0.1], "rotation": 180, "texture": "#6"}
			}
		},
		{
			"name": "sti2",
			"from": [6.5375, 8.87027, 10.85646],
			"to": [7.13907, 9.02495, 11.00724],
			"rotation": {"angle": -22.5, "axis": "x", "origin": [6.86284, 9.21402, 10.54098]},
			"faces": {
				"north": {"uv": [0, 0, 0.60156, 0.15469], "texture": "#6"},
				"east": {"uv": [0, 0, 0.15469, 0.15078], "rotation": 90, "texture": "#6"},
				"south": {"uv": [0, 0, 0.60156, 0.15469], "rotation": 180, "texture": "#6"},
				"west": {"uv": [0, 0, 0.15469, 0.15078], "rotation": 270, "texture": "#6"},
				"up": {"uv": [0, 0, 0.60156, 0.15078], "texture": "#6"},
				"down": {"uv": [0, 0, 0.60156, 0.15078], "rotation": 180, "texture": "#6"}
			}
		},
		{
			"name": "sti2",
			"from": [6.5375, 9.04297, 10.92343],
			"to": [7.13907, 9.19766, 11.07421],
			"rotation": {"angle": 0, "axis": "y", "origin": [6.86284, 9.21402, 10.54098]},
			"faces": {
				"north": {"uv": [0, 0, 0.60156, 0.15469], "texture": "#6"},
				"east": {"uv": [0, 0, 0.15469, 0.15078], "rotation": 90, "texture": "#6"},
				"south": {"uv": [0, 0, 0.60156, 0.15469], "rotation": 180, "texture": "#6"},
				"west": {"uv": [0, 0, 0.15469, 0.15078], "rotation": 270, "texture": "#6"},
				"up": {"uv": [0, 0, 0.60156, 0.15078], "texture": "#6"},
				"down": {"uv": [0, 0, 0.60156, 0.15078], "rotation": 180, "texture": "#6"}
			}
		},
		{
			"name": "sti2",
			"from": [6.5375, 9.22815, 10.91921],
			"to": [7.13907, 9.38284, 11.06999],
			"rotation": {"angle": 22.5, "axis": "x", "origin": [6.86284, 9.21402, 10.54098]},
			"faces": {
				"north": {"uv": [0, 0, 0.60156, 0.15469], "texture": "#6"},
				"east": {"uv": [0, 0, 0.15469, 0.15078], "rotation": 90, "texture": "#6"},
				"south": {"uv": [0, 0, 0.60156, 0.15469], "rotation": 180, "texture": "#6"},
				"west": {"uv": [0, 0, 0.15469, 0.15078], "rotation": 270, "texture": "#6"},
				"up": {"uv": [0, 0, 0.60156, 0.15078], "texture": "#6"},
				"down": {"uv": [0, 0, 0.60156, 0.15078], "rotation": 180, "texture": "#6"}
			}
		},
		{
			"name": "sti2",
			"from": [6.5375, 8.73634, 10.72849],
			"to": [7.13907, 8.89102, 10.87927],
			"rotation": {"angle": -45, "axis": "x", "origin": [6.86284, 9.21402, 10.54098]},
			"faces": {
				"north": {"uv": [0, 0, 0.60156, 0.15469], "texture": "#6"},
				"east": {"uv": [0, 0, 0.15078, 0.15469], "texture": "#6"},
				"south": {"uv": [0, 0, 0.60156, 0.15469], "texture": "#6"},
				"west": {"uv": [0, 0, 0.15078, 0.15469], "texture": "#6"},
				"up": {"uv": [0, 0, 0.60156, 0.15078], "rotation": 180, "texture": "#6"},
				"down": {"uv": [0, 0, 0.60156, 0.15078], "rotation": 180, "texture": "#6"}
			}
		},
		{
			"name": "sti2",
			"from": [6.5375, 8.87027, 10.85646],
			"to": [7.13907, 9.02495, 11.00724],
			"rotation": {"angle": -22.5, "axis": "x", "origin": [6.86284, 9.21402, 10.54098]},
			"faces": {
				"north": {"uv": [0, 0, 0.60156, 0.15469], "texture": "#6"},
				"east": {"uv": [0, 0, 0.15078, 0.15469], "texture": "#6"},
				"south": {"uv": [0, 0, 0.60156, 0.15469], "texture": "#6"},
				"west": {"uv": [0, 0, 0.15078, 0.15469], "texture": "#6"},
				"up": {"uv": [0, 0, 0.60156, 0.15078], "rotation": 180, "texture": "#6"},
				"down": {"uv": [0, 0, 0.60156, 0.15078], "rotation": 180, "texture": "#6"}
			}
		},
		{
			"name": "sti2",
			"from": [6.5375, 9.04297, 10.92343],
			"to": [7.13907, 9.19766, 11.07421],
			"rotation": {"angle": 0, "axis": "y", "origin": [6.86284, 9.21402, 10.54098]},
			"faces": {
				"north": {"uv": [0, 0, 0.60156, 0.15469], "texture": "#6"},
				"east": {"uv": [0, 0, 0.15078, 0.15469], "texture": "#6"},
				"south": {"uv": [0, 0, 0.60156, 0.15469], "texture": "#6"},
				"west": {"uv": [0, 0, 0.15078, 0.15469], "texture": "#6"},
				"up": {"uv": [0, 0, 0.60156, 0.15078], "rotation": 180, "texture": "#6"},
				"down": {"uv": [0, 0, 0.60156, 0.15078], "rotation": 180, "texture": "#6"}
			}
		},
		{
			"name": "sti",
			"from": [6.70938, 9.72656, 7.70468],
			"to": [7.31094, 9.82656, 7.80468],
			"rotation": {"angle": -45, "axis": "x", "origin": [7.01016, 9.77656, 7.75468]},
			"faces": {
				"north": {"uv": [0, 0, 0.60156, 0.1], "texture": "#3"},
				"east": {"uv": [0, 0, 0.1, 0.1], "texture": "#3"},
				"south": {"uv": [0, 0, 0.60156, 0.1], "texture": "#3"},
				"west": {"uv": [0, 0, 0.1, 0.1], "texture": "#3"},
				"up": {"uv": [0, 0, 0.60156, 0.1], "rotation": 180, "texture": "#3"},
				"down": {"uv": [0, 0, 0.60156, 0.1], "rotation": 180, "texture": "#3"}
			}
		},
		{
			"name": "sti",
			"from": [6.70938, 9.72656, 7.70468],
			"to": [7.31094, 9.82656, 7.80468],
			"rotation": {"angle": 22.5, "axis": "x", "origin": [7.01016, 9.77656, 7.75468]},
			"faces": {
				"north": {"uv": [0, 0, 0.60156, 0.1], "texture": "#3"},
				"east": {"uv": [0, 0, 0.1, 0.1], "rotation": 90, "texture": "#3"},
				"south": {"uv": [0, 0, 0.60156, 0.1], "rotation": 180, "texture": "#3"},
				"west": {"uv": [0, 0, 0.1, 0.1], "rotation": 270, "texture": "#3"},
				"up": {"uv": [0, 0, 0.60156, 0.1], "texture": "#3"},
				"down": {"uv": [0, 0, 0.60156, 0.1], "rotation": 180, "texture": "#3"}
			}
		},
		{
			"name": "sti",
			"from": [6.70938, 9.72656, 7.70468],
			"to": [7.31094, 9.82656, 7.80468],
			"rotation": {"angle": 0, "axis": "x", "origin": [7.01016, 9.77656, 7.75468]},
			"faces": {
				"north": {"uv": [0, 0, 0.60156, 0.1], "texture": "#3"},
				"east": {"uv": [0, 0, 0.1, 0.1], "rotation": 90, "texture": "#3"},
				"south": {"uv": [0, 0, 0.60156, 0.1], "rotation": 180, "texture": "#3"},
				"west": {"uv": [0, 0, 0.1, 0.1], "rotation": 270, "texture": "#3"},
				"up": {"uv": [0, 0, 0.60156, 0.1], "texture": "#3"},
				"down": {"uv": [0, 0, 0.60156, 0.1], "rotation": 180, "texture": "#3"}
			}
		},
		{
			"name": "sti",
			"from": [6.70938, 9.72656, 7.70468],
			"to": [7.31094, 9.82656, 7.80468],
			"rotation": {"angle": -22.5, "axis": "x", "origin": [7.01016, 9.77656, 7.75468]},
			"faces": {
				"north": {"uv": [0, 0, 0.60156, 0.1], "texture": "#3"},
				"east": {"uv": [0, 0, 0.1, 0.1], "texture": "#3"},
				"south": {"uv": [0, 0, 0.60156, 0.1], "texture": "#3"},
				"west": {"uv": [0, 0, 0.1, 0.1], "texture": "#3"},
				"up": {"uv": [0, 0, 0.60156, 0.1], "rotation": 180, "texture": "#3"},
				"down": {"uv": [0, 0, 0.60156, 0.1], "rotation": 180, "texture": "#3"}
			}
		},
		{
			"name": "sti",
			"from": [6.70938, 9.72656, 7.70468],
			"to": [7.31094, 9.82656, 7.80468],
			"rotation": {"angle": -22.5, "axis": "x", "origin": [7.01016, 9.77656, 7.75468]},
			"faces": {
				"north": {"uv": [0, 0, 0.60156, 0.1], "texture": "#3"},
				"east": {"uv": [0, 0, 0.1, 0.1], "rotation": 90, "texture": "#3"},
				"south": {"uv": [0, 0, 0.60156, 0.1], "rotation": 180, "texture": "#3"},
				"west": {"uv": [0, 0, 0.1, 0.1], "rotation": 270, "texture": "#3"},
				"up": {"uv": [0, 0, 0.60156, 0.1], "texture": "#3"},
				"down": {"uv": [0, 0, 0.60156, 0.1], "rotation": 180, "texture": "#3"}
			}
		},
		{
			"name": "sti",
			"from": [6.56094, 10.32812, 11.2828],
			"to": [7.1625, 10.42812, 11.3828],
			"rotation": {"angle": 0, "axis": "y", "origin": [6.86172, 10.37812, 11.3328]},
			"faces": {
				"north": {"uv": [0, 0, 0.60156, 0.1], "texture": "#2"},
				"east": {"uv": [0, 0, 0.1, 0.1], "rotation": 90, "texture": "#2"},
				"south": {"uv": [0, 0, 0.60156, 0.1], "rotation": 180, "texture": "#2"},
				"west": {"uv": [0, 0, 0.1, 0.1], "rotation": 270, "texture": "#2"},
				"up": {"uv": [0, 0, 0.60156, 0.1], "texture": "#2"},
				"down": {"uv": [0, 0, 0.60156, 0.1], "rotation": 180, "texture": "#2"}
			}
		},
		{
			"name": "sti",
			"from": [6.56094, 10.32812, 11.2828],
			"to": [7.1625, 10.42812, 11.3828],
			"rotation": {"angle": 22.5, "axis": "x", "origin": [6.86172, 10.37812, 11.3328]},
			"faces": {
				"north": {"uv": [0, 0, 0.60156, 0.1], "texture": "#2"},
				"east": {"uv": [0, 0, 0.1, 0.1], "rotation": 90, "texture": "#2"},
				"south": {"uv": [0, 0, 0.60156, 0.1], "rotation": 180, "texture": "#2"},
				"west": {"uv": [0, 0, 0.1, 0.1], "rotation": 270, "texture": "#2"},
				"up": {"uv": [0, 0, 0.60156, 0.1], "texture": "#2"},
				"down": {"uv": [0, 0, 0.60156, 0.1], "rotation": 180, "texture": "#2"}
			}
		},
		{
			"name": "sti",
			"from": [6.56094, 10.32812, 11.2828],
			"to": [7.1625, 10.42812, 11.3828],
			"rotation": {"angle": -45, "axis": "x", "origin": [6.86172, 10.37812, 11.3328]},
			"faces": {
				"north": {"uv": [0, 0, 0.60156, 0.1], "texture": "#2"},
				"east": {"uv": [0, 0, 0.1, 0.1], "texture": "#2"},
				"south": {"uv": [0, 0, 0.60156, 0.1], "texture": "#2"},
				"west": {"uv": [0, 0, 0.1, 0.1], "texture": "#2"},
				"up": {"uv": [0, 0, 0.60156, 0.1], "rotation": 180, "texture": "#2"},
				"down": {"uv": [0, 0, 0.60156, 0.1], "rotation": 180, "texture": "#2"}
			}
		},
		{
			"name": "sti",
			"from": [6.56094, 10.32812, 11.2828],
			"to": [7.1625, 10.42812, 11.3828],
			"rotation": {"angle": -22.5, "axis": "x", "origin": [6.86172, 10.37812, 11.3328]},
			"faces": {
				"north": {"uv": [0, 0, 0.60156, 0.1], "texture": "#2"},
				"east": {"uv": [0, 0, 0.1, 0.1], "texture": "#2"},
				"south": {"uv": [0, 0, 0.60156, 0.1], "texture": "#2"},
				"west": {"uv": [0, 0, 0.1, 0.1], "texture": "#2"},
				"up": {"uv": [0, 0, 0.60156, 0.1], "rotation": 180, "texture": "#2"},
				"down": {"uv": [0, 0, 0.60156, 0.1], "rotation": 180, "texture": "#2"}
			}
		},
		{
			"name": "sti",
			"from": [6.56094, 10.32812, 11.2828],
			"to": [7.1625, 10.42812, 11.3828],
			"rotation": {"angle": -22.5, "axis": "x", "origin": [6.86172, 10.37812, 11.3328]},
			"faces": {
				"north": {"uv": [0, 0, 0.60156, 0.1], "texture": "#2"},
				"east": {"uv": [0, 0, 0.1, 0.1], "rotation": 90, "texture": "#2"},
				"south": {"uv": [0, 0, 0.60156, 0.1], "rotation": 180, "texture": "#2"},
				"west": {"uv": [0, 0, 0.1, 0.1], "rotation": 270, "texture": "#2"},
				"up": {"uv": [0, 0, 0.60156, 0.1], "texture": "#2"},
				"down": {"uv": [0, 0, 0.60156, 0.1], "rotation": 180, "texture": "#2"}
			}
		}
	],
	"display": {
		"thirdperson_righthand": {
			"translation": [1.5, -1.5, -1.5],
			"scale": [1.2, 1, 1]
		},
		"thirdperson_lefthand": {
			"translation": [-1, -1.5, -1.25],
			"scale": [1.2, 1, 1]
		},
		"firstperson_righthand": {
			"translation": [-4, 2.5, 0],
			"scale": [1.2, 1, 1]
		},
		"firstperson_lefthand": {
			"translation": [-6, 2.75, 0.75]
		},
		"gui": {
			"rotation": [0, 90, 0],
			"translation": [-1.25, -0.75, 0],
			"scale": [1.4, 1.4, 1.4]
		},
		"head": {
			"rotation": [-80.25, 0, 0],
			"translation": [8.25, -29.75, 1],
			"scale": [1.2, 1.2, 1.2]
		},
		"fixed": {
			"rotation": [0, 90, 0],
			"translation": [-1.25, 0, -2.25],
			"scale": [1.4, 1.4, 1.4]
		}
	},
	"groups": [
		{
			"name": "槍管",
			"origin": [8, 8, 8],
			"children": [0, 1, 2, 3, 4, 5, 6, 7, 8, 9, 10, 11, 12, 13, 14, 15, 16, 17, 18, 19, 20, 21, 22, 23, 24, 25, 26, 27]
		},
		{
			"name": "槍身上",
			"origin": [8, 8, 8],
			"children": [28, 29, 30, 31, 32, 33, 34, 35, 36, 37, 38, 39, 40, 41, 42, 43, 44, 45, 46, 47, 48, 49, 50, 51, 52, 53, 54, 55, 56, 57, 58, 59, 60, 61, 62, 63, 64, 65, 66, 67, 68, 69, 70, 71, 72, 73, 74, 75, 76, 77, 78, 79, 80, 81, 82]
		},
		{
			"name": "槍身下",
			"origin": [8, 8, 8],
			"children": [83, 84, 85, 86, 87, 88, 89, 90, 91, 92, 93, 94, 95, 96, 97, 98, 99, 100, 101, 102, 103, 104, 105, 106, 107, 108, 109, 110, 111]
		},
		{
			"name": "飾品",
			"origin": [8, 8, 8],
			"children": [112, 113, 114, 115, 116, 117, 118, 119, 120, 121, 122, 123, 124, 125, 126, 127, 128, 129, 130, 131, 132, 133]
		}
	]
}