{
	"credit": "DiLanNation",
	"textures": {
		"1": "nubx/Fade_black",
		"2": "nubx/color",
		"3": "nubx/fade",
		"4": "nubx/color2"
	},
	"elements": [
		{
			"from": [7.36328, 6.82422, 0.09375],
			"to": [7.42422, 6.85, 5.09375],
			"rotation": {"angle": 0, "axis": "y", "origin": [7.37422, 6.80781, 0.59375]},
			"faces": {
				"north": {"uv": [0, 0, 0.06094, 0.02578], "texture": "#1"},
				"east": {"uv": [0, 0, 5, 0.02578], "texture": "#1"},
				"south": {"uv": [0, 0, 0.06094, 0.02578], "texture": "#1"},
				"west": {"uv": [0, 0, 5, 0.02578], "texture": "#1"},
				"up": {"uv": [0, 0, 0.06094, 5], "texture": "#1"},
				"down": {"uv": [0, 0, 0.06094, 5], "texture": "#1"}
			}
		},
		{
			"from": [7.3096, 6.8349, 0.09375],
			"to": [7.37053, 6.86068, 5.09375],
			"rotation": {"angle": -22.5, "axis": "z", "origin": [7.34006, 6.84779, 2.59375]},
			"faces": {
				"north": {"uv": [0, 0, 0.06094, 0.02578], "texture": "#1"},
				"east": {"uv": [0, 0, 5, 0.02578], "texture": "#1"},
				"south": {"uv": [0, 0, 0.06094, 0.02578], "texture": "#1"},
				"west": {"uv": [0, 0, 5, 0.02578], "texture": "#1"},
				"up": {"uv": [0, 0, 0.06094, 5], "texture": "#1"},
				"down": {"uv": [0, 0, 0.06094, 5], "texture": "#1"}
			}
		},
		{
			"from": [7.41697, 7.09411, 0.09375],
			"to": [7.4779, 7.11989, 5.09375],
			"rotation": {"angle": -22.5, "axis": "z", "origin": [7.44744, 7.107, 2.59375]},
			"faces": {
				"north": {"uv": [0.06094, 0, 0.12188, 0.02578], "rotation": 180, "texture": "#1"},
				"east": {"uv": [5, 0, 10, 0.02578], "rotation": 180, "texture": "#1"},
				"south": {"uv": [0.06094, 0, 0.12188, 0.02578], "rotation": 180, "texture": "#1"},
				"west": {"uv": [5, 0, 10, 0.02578], "rotation": 180, "texture": "#1"},
				"up": {"uv": [0.06094, 0, 0.12188, 5], "rotation": 180, "texture": "#1"},
				"down": {"uv": [0.06094, 0, 0.12188, 5], "rotation": 180, "texture": "#1"}
			}
		},
		{
			"from": [7.48006, 7.04612, 0.09375],
			"to": [7.50584, 7.10706, 5.09375],
			"rotation": {"angle": 45, "axis": "z", "origin": [7.49295, 7.07659, 2.59375]},
			"faces": {
				"north": {"uv": [0, 0.02578, 0.06094, 0.05156], "rotation": 270, "texture": "#1"},
				"east": {"uv": [0, 4, 0.5, 5.688], "rotation": 90, "texture": "#1"},
				"south": {"uv": [0, 0.02578, 0.06094, 0.05156], "rotation": 90, "texture": "#1"},
				"west": {"uv": [0, 0, 3.124, 0.438], "rotation": 90, "texture": "#1"},
				"up": {"uv": [0, 0.025, 0.375, 0.238], "rotation": 90, "texture": "#1"},
				"down": {"uv": [0, 0.025, 0.563, 0.488], "rotation": 90, "texture": "#1"}
			}
		},
		{
			"from": [7.51047, 7.00061, 0.09375],
			"to": [7.53625, 7.06155, 5.09375],
			"rotation": {"angle": 22.5, "axis": "z", "origin": [7.52336, 7.03108, 2.59375]},
			"faces": {
				"north": {"uv": [0, 0.02578, 0.06094, 0.05156], "rotation": 270, "texture": "#1"},
				"east": {"uv": [0, 4.875, 0.31, 8], "rotation": 90, "texture": "#1"},
				"south": {"uv": [0, 0.02578, 0.06094, 0.05156], "rotation": 90, "texture": "#1"},
				"west": {"uv": [0, 0, 2.311, 0.375], "rotation": 90, "texture": "#1"},
				"up": {"uv": [0, 0.02578, 5, 0.05156], "rotation": 90, "texture": "#1"},
				"down": {"uv": [0, 0.02578, 5, 0.05156], "rotation": 90, "texture": "#1"}
			}
		},
		{
			"from": [7.52115, 6.94693, 0.09375],
			"to": [7.54693, 7.00786, 5.09375],
			"rotation": {"angle": 0, "axis": "y", "origin": [7.53404, 6.9774, 2.59375]},
			"faces": {
				"north": {"uv": [0, 0.02578, 0.06094, 0.05156], "rotation": 270, "texture": "#1"},
				"east": {"uv": [0, 5, 0.06094, 10], "rotation": 90, "texture": "#1"},
				"south": {"uv": [0, 0.02578, 0.06094, 0.05156], "rotation": 90, "texture": "#1"},
				"west": {"uv": [0, 0, 1.561, 0.25], "rotation": 90, "texture": "#1"},
				"up": {"uv": [0, 0.02578, 5, 0.05156], "rotation": 90, "texture": "#1"},
				"down": {"uv": [0, 0.02578, 5, 0.05156], "rotation": 90, "texture": "#1"}
			}
		},
		{
			"from": [7.51047, 6.89324, 0.09375],
			"to": [7.53625, 6.95418, 5.09375],
			"rotation": {"angle": -22.5, "axis": "z", "origin": [7.52336, 6.92371, 2.59375]},
			"faces": {
				"north": {"uv": [0, 0.02578, 0.06094, 0.05156], "rotation": 270, "texture": "#1"},
				"east": {"uv": [0, 5, 0.06094, 10], "rotation": 90, "texture": "#1"},
				"south": {"uv": [0, 0.02578, 0.06094, 0.05156], "rotation": 90, "texture": "#1"},
				"west": {"uv": [0, 0, 4.249, 0.375], "rotation": 90, "texture": "#1"},
				"up": {"uv": [0, 0.02578, 5, 0.05156], "rotation": 90, "texture": "#1"},
				"down": {"uv": [0, 0.02578, 5, 0.05156], "rotation": 90, "texture": "#1"}
			}
		},
		{
			"from": [7.46248, 6.86531, 0.09375],
			"to": [7.52342, 6.89109, 5.09375],
			"rotation": {"angle": 45, "axis": "z", "origin": [7.49295, 6.8782, 2.59375]},
			"faces": {
				"north": {"uv": [0.06094, 0, 0.12188, 0.02578], "texture": "#1"},
				"east": {"uv": [5, 0, 10, 0.02578], "texture": "#1"},
				"south": {"uv": [0.06094, 0, 0.12188, 0.02578], "texture": "#1"},
				"west": {"uv": [5, 0, 10, 0.02578], "texture": "#1"},
				"up": {"uv": [0.06094, 0, 0.12188, 5], "texture": "#1"},
				"down": {"uv": [0.06094, 0, 0.12188, 5], "texture": "#1"}
			}
		},
		{
			"from": [7.41697, 6.8349, 0.09375],
			"to": [7.4779, 6.86068, 5.09375],
			"rotation": {"angle": 22.5, "axis": "z", "origin": [7.44744, 6.84779, 2.59375]},
			"faces": {
				"north": {"uv": [0.06094, 0, 0.12187, 0.02578], "texture": "#1"},
				"east": {"uv": [5, 0, 10, 0.02578], "texture": "#1"},
				"south": {"uv": [0.06094, 0, 0.12187, 0.02578], "texture": "#1"},
				"west": {"uv": [5, 0, 10, 0.02578], "texture": "#1"},
				"up": {"uv": [0.06094, 0, 0.12187, 5], "texture": "#1"},
				"down": {"uv": [0.06094, 0, 0.12187, 5], "texture": "#1"}
			}
		},
		{
			"from": [7.26408, 6.86531, 0.09375],
			"to": [7.32502, 6.89109, 5.09375],
			"rotation": {"angle": -45, "axis": "z", "origin": [7.29455, 6.8782, 2.59375]},
			"faces": {
				"north": {"uv": [0, 0, 0.06094, 0.02578], "texture": "#1"},
				"east": {"uv": [0, 0, 5, 0.02578], "texture": "#1"},
				"south": {"uv": [0, 0, 0.06094, 0.02578], "texture": "#1"},
				"west": {"uv": [0, 0, 5, 0.02578], "texture": "#1"},
				"up": {"uv": [0, 0, 0.06094, 5], "texture": "#1"},
				"down": {"uv": [0, 0, 0.06094, 5], "texture": "#1"}
			}
		},
		{
			"from": [7.25125, 6.89324, 0.09375],
			"to": [7.27703, 6.95418, 5.09375],
			"rotation": {"angle": 22.5, "axis": "z", "origin": [7.26414, 6.92371, 2.59375]},
			"faces": {
				"north": {"uv": [0, 0, 0.06094, 0.02578], "rotation": 270, "texture": "#1"},
				"east": {"uv": [0, 0, 0.06094, 5], "rotation": 90, "texture": "#1"},
				"south": {"uv": [0, 0, 0.06094, 0.02578], "rotation": 90, "texture": "#1"},
				"west": {"uv": [0, 0, 0.06094, 5], "rotation": 90, "texture": "#1"},
				"up": {"uv": [0, 0, 5, 0.02578], "rotation": 90, "texture": "#1"},
				"down": {"uv": [0, 0, 5, 0.02578], "rotation": 90, "texture": "#1"}
			}
		},
		{
			"from": [7.24057, 6.94693, 0.09375],
			"to": [7.26635, 7.00786, 5.09375],
			"rotation": {"angle": 0, "axis": "z", "origin": [7.25346, 6.9774, 2.59375]},
			"faces": {
				"north": {"uv": [0, 0, 0.06094, 0.02578], "rotation": 270, "texture": "#1"},
				"east": {"uv": [0, 0, 0.06094, 5], "rotation": 90, "texture": "#1"},
				"south": {"uv": [0, 0, 0.06094, 0.02578], "rotation": 90, "texture": "#1"},
				"west": {"uv": [0, 0, 0.06094, 5], "rotation": 90, "texture": "#1"},
				"up": {"uv": [0, 0, 5, 0.02578], "rotation": 90, "texture": "#1"},
				"down": {"uv": [0, 0, 5, 0.02578], "rotation": 90, "texture": "#1"}
			}
		},
		{
			"from": [7.25125, 7.00061, 0.09375],
			"to": [7.27703, 7.06155, 5.09375],
			"rotation": {"angle": -22.5, "axis": "z", "origin": [7.26414, 7.03108, 2.59375]},
			"faces": {
				"north": {"uv": [0, 0, 0.06094, 0.02578], "rotation": 270, "texture": "#1"},
				"east": {"uv": [0, 0, 0.06094, 5], "rotation": 90, "texture": "#1"},
				"south": {"uv": [0, 0, 0.06094, 0.02578], "rotation": 90, "texture": "#1"},
				"west": {"uv": [0, 0, 0.06094, 5], "rotation": 90, "texture": "#1"},
				"up": {"uv": [0, 0, 5, 0.02578], "rotation": 90, "texture": "#1"},
				"down": {"uv": [0, 0, 5, 0.02578], "rotation": 90, "texture": "#1"}
			}
		},
		{
			"from": [7.28166, 7.04612, 0.09375],
			"to": [7.30744, 7.10706, 5.09375],
			"rotation": {"angle": -45, "axis": "z", "origin": [7.29455, 7.07659, 2.59375]},
			"faces": {
				"north": {"uv": [0, 0, 0.06094, 0.02578], "rotation": 270, "texture": "#1"},
				"east": {"uv": [0, 0, 0.06094, 5], "rotation": 90, "texture": "#1"},
				"south": {"uv": [0, 0, 0.06094, 0.02578], "rotation": 90, "texture": "#1"},
				"west": {"uv": [0, 0, 0.06094, 5], "rotation": 90, "texture": "#1"},
				"up": {"uv": [0, 0, 5, 0.02578], "rotation": 90, "texture": "#1"},
				"down": {"uv": [0, 0, 5, 0.02578], "rotation": 90, "texture": "#1"}
			}
		},
		{
			"from": [7.3096, 7.09411, 0.09375],
			"to": [7.37053, 7.11989, 5.09375],
			"rotation": {"angle": 22.5, "axis": "z", "origin": [7.34006, 7.107, 2.59375]},
			"faces": {
				"north": {"uv": [0, 0, 0.06094, 0.02578], "rotation": 180, "texture": "#1"},
				"east": {"uv": [0, 0, 5, 0.02578], "rotation": 180, "texture": "#1"},
				"south": {"uv": [0, 0, 0.06094, 0.02578], "rotation": 180, "texture": "#1"},
				"west": {"uv": [0, 0, 5, 0.02578], "rotation": 180, "texture": "#1"},
				"up": {"uv": [0, 0, 0.06094, 5], "rotation": 180, "texture": "#1"},
				"down": {"uv": [0, 0, 0.06094, 5], "rotation": 180, "texture": "#1"}
			}
		},
		{
			"from": [7.36328, 7.10479, 0.09375],
			"to": [7.42422, 7.13057, 5.09375],
			"rotation": {"angle": 0, "axis": "z", "origin": [7.39375, 7.11768, 2.59375]},
			"faces": {
				"north": {"uv": [0, 0, 0.06094, 0.02578], "rotation": 180, "texture": "#1"},
				"east": {"uv": [0, 0, 5, 0.02578], "rotation": 180, "texture": "#1"},
				"south": {"uv": [0, 0, 0.06094, 0.02578], "rotation": 180, "texture": "#1"},
				"west": {"uv": [0, 0, 5, 0.02578], "rotation": 180, "texture": "#1"},
				"up": {"uv": [0, 0, 0.06094, 5], "rotation": 180, "texture": "#1"},
				"down": {"uv": [0, 0, 0.06094, 5], "rotation": 180, "texture": "#1"}
			}
		},
		{
			"from": [7.10156, 6.58203, 0.17578],
			"to": [7.69922, 7.18359, 2.46094],
			"rotation": {"angle": 0, "axis": "y", "origin": [7.41406, 6.89063, 0.625]},
			"faces": {
				"north": {"uv": [0, 2.438, 0.846, 3.225], "texture": "#1", "tintindex": 0},
				"east": {"uv": [0.25, 1.375, 1.096, 1.976], "texture": "#1", "tintindex": 0},
				"south": {"uv": [0, 2.625, 0.597, 3.226], "texture": "#1", "tintindex": 0},
				"west": {"uv": [1.188, 1.375, 1.596, 1.687], "texture": "#1", "tintindex": 0},
				"up": {"uv": [9.438, 1.688, 9.784, 2.22], "texture": "#1", "tintindex": 0},
				"down": {"uv": [0, 3, 0.785, 4.034], "texture": "#1", "tintindex": 0}
			}
		},
		{
			"from": [7.10156, 6.58203, 3.39453],
			"to": [7.69922, 7.18359, 5.125],
			"rotation": {"angle": 0, "axis": "y", "origin": [7.40039, 6.88281, 4.125]},
			"faces": {
				"north": {"uv": [0, 3.188, 1.785, 3.913], "texture": "#1", "tintindex": 0},
				"east": {"uv": [0.188, 1.063, 1.918, 1.664], "texture": "#1", "tintindex": 0},
				"south": {"uv": [0, 0, 0.59766, 0.60156], "texture": "#1", "tintindex": 0},
				"west": {"uv": [1.438, 1.25, 3.168, 1.851], "texture": "#1", "tintindex": 0},
				"up": {"uv": [0, 0, 0.59766, 1.73047], "texture": "#1", "tintindex": 0},
				"down": {"uv": [0, 0, 0.59766, 1.73047], "texture": "#1", "tintindex": 0}
			}
		},
		{
			"from": [7.10156, 6.58203, 2.20313],
			"to": [7.67188, 7.14453, 3.54297],
			"rotation": {"angle": 0, "axis": "y", "origin": [7.38672, 6.86328, 2.87305]},
			"faces": {
				"north": {"uv": [0, 3.938, 0.75, 4.813], "texture": "#1"},
				"east": {"uv": [6, 3.125, 6.249, 3.375], "texture": "#1"},
				"south": {"uv": [0, 3.75, 0.563, 4.688], "texture": "#1"},
				"west": {"uv": [0.875, 1.25, 1.187, 1.687], "texture": "#1"},
				"up": {"uv": [5.375, 3.188, 5.624, 3.5], "texture": "#1"},
				"down": {"uv": [0, 0, 0, 0], "texture": "#1"}
			}
		},
		{
			"from": [7.07813, 6.67578, 0.16016],
			"to": [7.72266, 6.90625, 3.47656],
			"rotation": {"angle": 0, "axis": "y", "origin": [7.4043, 6.82813, 1.92969]},
			"faces": {
				"north": {"uv": [0, 1.375, 1.785, 2.1], "texture": "#1", "tintindex": 0},
				"east": {"uv": [0, 1.375, 3.516, 1.606], "texture": "#1", "tintindex": 0},
				"south": {"uv": [0, 0, 0.64453, 0.23047], "texture": "#1", "tintindex": 0},
				"west": {"uv": [0, 1.375, 3.516, 1.606], "texture": "#1", "tintindex": 0},
				"up": {"uv": [0, 0, 0.64453, 3.51563], "texture": "#1", "tintindex": 0},
				"down": {"uv": [0, 0, 0.64453, 3.51563], "texture": "#1", "tintindex": 0}
			}
		},
		{
			"from": [7.08984, 7.10938, 3.39453],
			"to": [7.71875, 7.1875, 5.10547],
			"rotation": {"angle": 0, "axis": "y", "origin": [7.4043, 7.14844, 4.11719]},
			"faces": {
				"north": {"uv": [0, 2.375, 1.785, 3.1], "texture": "#1", "tintindex": 0},
				"east": {"uv": [1.313, 2, 3.024, 2.078], "texture": "#1", "tintindex": 0},
				"south": {"uv": [0, 0, 0.62891, 0.07813], "texture": "#1", "tintindex": 0},
				"west": {"uv": [0, 0, 1.71094, 0.07813], "texture": "#1", "tintindex": 0},
				"up": {"uv": [7.938, 1.875, 8.065, 2.086], "texture": "#1", "tintindex": 0},
				"down": {"uv": [0, 0, 0.62891, 1.71094], "texture": "#1", "tintindex": 0}
			}
		},
		{
			"from": [7.06251, 6.59766, 0.1836],
			"to": [7.73047, 6.67578, 5.16407],
			"rotation": {"angle": 0, "axis": "y", "origin": [7.38477, 6.52344, 3.37501]},
			"faces": {
				"north": {"uv": [0, 2.375, 1.785, 3.1], "texture": "#1", "tintindex": 0},
				"east": {"uv": [4.313, 4.125, 6.289, 4.203], "texture": "#1", "tintindex": 0},
				"south": {"uv": [0, 0, 0.65234, 0.07813], "texture": "#1", "tintindex": 0},
				"west": {"uv": [5.188, 4.25, 7.164, 4.328], "texture": "#1", "tintindex": 0},
				"up": {"uv": [0, 0, 0.65234, 1.97656], "texture": "#1", "tintindex": 0},
				"down": {"uv": [0, 0, 0.65234, 1.97656], "texture": "#1", "tintindex": 0}
			}
		},
		{
			"from": [7.07813, 7.11329, 3.40625],
			"to": [7.73438, 7.17969, 5.13672],
			"rotation": {"angle": 0, "axis": "y", "origin": [7.4043, 7.01953, 3.37501]},
			"faces": {
				"north": {"uv": [0, 2.375, 1.785, 3.1], "texture": "#1", "tintindex": 0},
				"east": {"uv": [4.375, 3.25, 6.351, 3.328], "texture": "#1", "tintindex": 0},
				"south": {"uv": [0, 0, 0.65234, 0.07813], "texture": "#1", "tintindex": 0},
				"west": {"uv": [5.188, 4.25, 7.164, 4.328], "texture": "#1", "tintindex": 0},
				"up": {"uv": [0, 0, 0.65234, 1.97656], "texture": "#1", "tintindex": 0},
				"down": {"uv": [0, 0, 0.65234, 1.97656], "texture": "#1", "tintindex": 0}
			}
		},
		{
			"from": [7.07813, 6.57698, 3.57567],
			"to": [7.73047, 7.19026, 3.64208],
			"rotation": {"angle": -22.5, "axis": "x", "origin": [7.4043, 6.88362, 3.60887]},
			"faces": {
				"north": {"uv": [0, 2.375, 1.785, 3.1], "texture": "#1", "tintindex": 0},
				"east": {"uv": [1.188, 3.063, 1.254, 3.676], "texture": "#1", "tintindex": 0},
				"south": {"uv": [0, 0, 0.65234, 0.61328], "texture": "#1", "tintindex": 0},
				"west": {"uv": [2.375, 4.063, 2.442, 4.675], "texture": "#1", "tintindex": 0},
				"up": {"uv": [0, 0, 0.65234, 0.06641], "texture": "#1", "tintindex": 0},
				"down": {"uv": [0, 0, 0.65234, 0.06641], "texture": "#1", "tintindex": 0}
			}
		},
		{
			"from": [7.08204, 6.79573, 3.40379],
			"to": [7.71094, 7.16292, 3.4702],
			"rotation": {"angle": 0, "axis": "x", "origin": [7.38477, 6.88362, 3.437]},
			"faces": {
				"north": {"uv": [0, 3.313, 1.785, 4.038], "texture": "#1", "tintindex": 0},
				"east": {"uv": [2.563, 2.688, 2.628, 3.083], "texture": "#1", "tintindex": 0},
				"south": {"uv": [0, 0, 0.65234, 0.39453], "texture": "#1", "tintindex": 0},
				"west": {"uv": [1.938, 1.875, 2.004, 2.269], "texture": "#1", "tintindex": 0},
				"up": {"uv": [0, 0, 0.65234, 0.06641], "texture": "#1", "tintindex": 0},
				"down": {"uv": [0, 0, 0.65234, 0.06641], "texture": "#1", "tintindex": 0}
			}
		},
		{
			"from": [7.07813, 6.57698, 3.77879],
			"to": [7.73047, 7.19026, 3.8452],
			"rotation": {"angle": -22.5, "axis": "x", "origin": [7.4043, 6.88362, 3.812]},
			"faces": {
				"north": {"uv": [0, 2.375, 1.785, 3.1], "texture": "#1", "tintindex": 0},
				"east": {"uv": [6.563, 4.375, 6.629, 4.988], "texture": "#1", "tintindex": 0},
				"south": {"uv": [0, 0, 0.65234, 0.61328], "texture": "#1", "tintindex": 0},
				"west": {"uv": [3.25, 4.5, 3.315, 5.05], "texture": "#1", "tintindex": 0},
				"up": {"uv": [0, 0, 0.65234, 0.06641], "texture": "#1", "tintindex": 0},
				"down": {"uv": [0, 0, 0.65234, 0.06641], "texture": "#1", "tintindex": 0}
			}
		},
		{
			"from": [7.07813, 6.57698, 3.97411],
			"to": [7.73047, 7.19026, 4.04051],
			"rotation": {"angle": -22.5, "axis": "x", "origin": [7.4043, 6.88362, 4.00731]},
			"faces": {
				"north": {"uv": [0, 2.375, 1.785, 3.1], "texture": "#1", "tintindex": 0},
				"east": {"uv": [6.563, 4.375, 6.629, 4.988], "texture": "#1", "tintindex": 0},
				"south": {"uv": [0, 0, 0.65234, 0.61328], "texture": "#1", "tintindex": 0},
				"west": {"uv": [3.25, 4.5, 3.315, 5.05], "texture": "#1", "tintindex": 0},
				"up": {"uv": [0, 0, 0.65234, 0.06641], "texture": "#1", "tintindex": 0},
				"down": {"uv": [0, 0, 0.65234, 0.06641], "texture": "#1", "tintindex": 0}
			}
		},
		{
			"from": [7.07813, 6.57698, 4.16161],
			"to": [7.73047, 7.19026, 4.22801],
			"rotation": {"angle": -22.5, "axis": "x", "origin": [7.4043, 6.88362, 4.19481]},
			"faces": {
				"north": {"uv": [0, 2.375, 1.785, 3.1], "texture": "#1", "tintindex": 0},
				"east": {"uv": [6.563, 4.375, 6.629, 4.988], "texture": "#1", "tintindex": 0},
				"south": {"uv": [0, 0, 0.65234, 0.61328], "texture": "#1", "tintindex": 0},
				"west": {"uv": [3.25, 4.5, 3.315, 5.05], "texture": "#1", "tintindex": 0},
				"up": {"uv": [0, 0, 0.65234, 0.06641], "texture": "#1", "tintindex": 0},
				"down": {"uv": [0, 0, 0.65234, 0.06641], "texture": "#1", "tintindex": 0}
			}
		},
		{
			"from": [7.07813, 6.57698, 4.35301],
			"to": [7.73047, 7.19026, 4.41942],
			"rotation": {"angle": -22.5, "axis": "x", "origin": [7.4043, 6.88362, 4.38622]},
			"faces": {
				"north": {"uv": [0, 2.375, 1.785, 3.1], "texture": "#1", "tintindex": 0},
				"east": {"uv": [6.563, 4.375, 6.629, 4.988], "texture": "#1", "tintindex": 0},
				"south": {"uv": [0, 0, 0.65234, 0.61328], "texture": "#1", "tintindex": 0},
				"west": {"uv": [3.25, 4.5, 3.315, 5.05], "texture": "#1", "tintindex": 0},
				"up": {"uv": [0, 0, 0.65234, 0.06641], "texture": "#1", "tintindex": 0},
				"down": {"uv": [0, 0, 0.65234, 0.06641], "texture": "#1", "tintindex": 0}
			}
		},
		{
			"from": [7.07813, 6.57698, 4.56786],
			"to": [7.73047, 7.19026, 4.63426],
			"rotation": {"angle": -22.5, "axis": "x", "origin": [7.4043, 6.88362, 4.60106]},
			"faces": {
				"north": {"uv": [0, 2.375, 1.785, 3.1], "texture": "#1", "tintindex": 0},
				"east": {"uv": [6.563, 4.375, 6.629, 4.988], "texture": "#1", "tintindex": 0},
				"south": {"uv": [0, 0, 0.65234, 0.61328], "texture": "#1", "tintindex": 0},
				"west": {"uv": [3.25, 4.5, 3.315, 5.05], "texture": "#1", "tintindex": 0},
				"up": {"uv": [0, 0, 0.65234, 0.06641], "texture": "#1", "tintindex": 0},
				"down": {"uv": [0, 0, 0.65234, 0.06641], "texture": "#1", "tintindex": 0}
			}
		},
		{
			"from": [7.07813, 6.57698, 4.79051],
			"to": [7.73047, 7.19026, 4.85692],
			"rotation": {"angle": -22.5, "axis": "x", "origin": [7.4043, 6.88362, 4.82372]},
			"faces": {
				"north": {"uv": [0, 2.375, 1.785, 3.1], "texture": "#1", "tintindex": 0},
				"east": {"uv": [6.563, 4.375, 6.629, 4.988], "texture": "#1", "tintindex": 0},
				"south": {"uv": [0, 0, 0.65234, 0.61328], "texture": "#1", "tintindex": 0},
				"west": {"uv": [3.25, 4.5, 3.315, 5.05], "texture": "#1", "tintindex": 0},
				"up": {"uv": [0, 0, 0.65234, 0.06641], "texture": "#1", "tintindex": 0},
				"down": {"uv": [0, 0, 0.65234, 0.06641], "texture": "#1", "tintindex": 0}
			}
		},
		{
			"from": [7.07422, 6.57698, 4.98973],
			"to": [7.73438, 7.19026, 5.05614],
			"rotation": {"angle": -22.5, "axis": "x", "origin": [7.40039, 6.88362, 5.02294]},
			"faces": {
				"north": {"uv": [0, 2.375, 1.785, 3.1], "texture": "#1", "tintindex": 0},
				"east": {"uv": [6.563, 4.375, 6.629, 4.988], "texture": "#1", "tintindex": 0},
				"south": {"uv": [0, 0, 0.65234, 0.61328], "texture": "#1", "tintindex": 0},
				"west": {"uv": [3.25, 4.5, 3.315, 5.05], "texture": "#1", "tintindex": 0},
				"up": {"uv": [0, 0, 0.65234, 0.06641], "texture": "#1", "tintindex": 0},
				"down": {"uv": [0, 0, 0.65234, 0.06641], "texture": "#1", "tintindex": 0}
			}
		},
		{
			"from": [7.07813, 6.58283, 4.99353],
			"to": [7.73047, 7.1922, 5.23571],
			"rotation": {"angle": -22.5, "axis": "x", "origin": [7.44727, 6.93634, 5.17908]},
			"faces": {
				"north": {"uv": [0, 2.375, 1.785, 3.1], "texture": "#1", "tintindex": 0},
				"east": {"uv": [1.813, 2.625, 2.047, 3.188], "texture": "#1", "tintindex": 0},
				"south": {"uv": [0.438, 2.063, 1.09, 2.625], "texture": "#1", "tintindex": 0},
				"west": {"uv": [1.875, 2.5, 2.11, 3.063], "texture": "#1", "tintindex": 0},
				"up": {"uv": [0, 0, 0.65234, 0.23438], "texture": "#1", "tintindex": 0},
				"down": {"uv": [0, 0, 0.65234, 0.23438], "texture": "#1", "tintindex": 0}
			}
		},
		{
			"from": [7.35938, 7.13281, 0.29688],
			"to": [7.40938, 7.30938, 0.49688],
			"rotation": {"angle": 0, "axis": "y", "origin": [7.40938, 7.22109, 0.39687]},
			"faces": {
				"north": {"uv": [6, 5.313, 7, 6.063], "texture": "#2", "tintindex": 0},
				"east": {"uv": [0, 15.375, 0.75, 16], "texture": "#2", "tintindex": 0},
				"south": {"uv": [0, 15.438, 0.375, 16], "texture": "#1", "tintindex": 0},
				"west": {"uv": [0, 15.375, 0.688, 16], "texture": "#2", "tintindex": 0},
				"up": {"uv": [3.625, 3.75, 4.563, 5.375], "texture": "#1", "tintindex": 0},
				"down": {"uv": [7.563, 3, 11.063, 6.813], "texture": "#2", "tintindex": 0}
			}
		},
		{
			"from": [7.35938, 7.16585, 0.19617],
			"to": [7.40938, 7.34241, 0.35632],
			"rotation": {"angle": -45, "axis": "x", "origin": [7.40938, 7.25413, 0.36648]},
			"faces": {
				"north": {"uv": [0, 2.375, 1.785, 3.1], "texture": "#1", "tintindex": 0},
				"east": {"uv": [0, 0, 0.16016, 0.17656], "texture": "#1", "tintindex": 0},
				"south": {"uv": [0, 0, 0.05, 0.17656], "texture": "#1", "tintindex": 0},
				"west": {"uv": [0, 0, 0.16016, 0.17656], "texture": "#1", "tintindex": 0},
				"up": {"uv": [0, 15.563, 0.613, 15.972], "texture": "#1", "tintindex": 0},
				"down": {"uv": [0, 0, 0.05, 0.16016], "texture": "#1", "tintindex": 0}
			}
		},
		{
			"from": [7.26172, 6.86719, 5.08594],
			"to": [7.53594, 7.10625, 5.31328],
			"rotation": {"angle": 0, "axis": "y", "origin": [7.39883, 6.98672, 5.19961]},
			"faces": {
				"north": {"uv": [0, 2.375, 1.785, 3.1], "texture": "#1", "tintindex": 0},
				"east": {"uv": [4.188, 3.125, 4.415, 3.364], "texture": "#1", "tintindex": 0},
				"south": {"uv": [4.563, 2.563, 4.837, 2.801], "texture": "#1", "tintindex": 0},
				"west": {"uv": [5.813, 2.5, 6.039, 2.739], "texture": "#1", "tintindex": 0},
				"up": {"uv": [2.313, 1.625, 2.587, 1.852], "texture": "#1", "tintindex": 0},
				"down": {"uv": [0, 0, 0.27422, 0.22734], "texture": "#1", "tintindex": 0}
			}
		},
		{
			"from": [7.29372, 6.91594, 5.17188],
			"to": [7.47194, 7.027, 5.46322],
			"rotation": {"angle": -22.5, "axis": "x", "origin": [7.39883, 6.95547, 5.28555]},
			"faces": {
				"north": {"uv": [0, 2.375, 1.785, 3.1], "texture": "#1", "tintindex": 0},
				"east": {"uv": [4.375, 2.188, 4.666, 2.299], "texture": "#1", "tintindex": 0},
				"south": {"uv": [4.375, 2.875, 4.553, 2.986], "texture": "#1", "tintindex": 0},
				"west": {"uv": [5.375, 3, 5.666, 3.111], "texture": "#1", "tintindex": 0},
				"up": {"uv": [3.875, 2.188, 4.053, 2.479], "texture": "#1", "tintindex": 0},
				"down": {"uv": [6.813, 2.938, 6.991, 3.229], "texture": "#1", "tintindex": 0}
			}
		},
		{
			"from": [7.24219, 7.13281, 4.87109],
			"to": [7.34219, 7.30938, 4.96172],
			"rotation": {"angle": 0, "axis": "y", "origin": [7.29219, 7.22109, 4.86172]},
			"faces": {
				"north": {"uv": [0, 2.375, 1.785, 3.1], "texture": "#1", "tintindex": 0},
				"east": {"uv": [0, 0, 0.09063, 0.17656], "texture": "#1", "tintindex": 0},
				"south": {"uv": [0, 0, 0.1, 0.17656], "texture": "#1", "tintindex": 0},
				"west": {"uv": [0, 0, 0.09063, 0.17656], "texture": "#1", "tintindex": 0},
				"up": {"uv": [1.563, 4.25, 1.663, 4.341], "texture": "#1", "tintindex": 0},
				"down": {"uv": [0, 0, 0.1, 0.09063], "texture": "#1", "tintindex": 0}
			}
		},
		{
			"from": [7.46484, 7.13281, 4.87109],
			"to": [7.56484, 7.30938, 4.96172],
			"rotation": {"angle": 0, "axis": "y", "origin": [7.51484, 7.22109, 4.86172]},
			"faces": {
				"north": {"uv": [0, 2.375, 1.785, 3.1], "texture": "#1", "tintindex": 0},
				"east": {"uv": [0, 0, 0.09063, 0.17656], "texture": "#1", "tintindex": 0},
				"south": {"uv": [0, 0, 0.1, 0.17656], "texture": "#1", "tintindex": 0},
				"west": {"uv": [0, 0, 0.09063, 0.17656], "texture": "#1", "tintindex": 0},
				"up": {"uv": [1.563, 4.25, 1.663, 4.341], "texture": "#1", "tintindex": 0},
				"down": {"uv": [0, 0, 0.1, 0.09063], "texture": "#1", "tintindex": 0}
			}
		},
		{
			"from": [7.24219, 7.14873, 4.9142],
			"to": [7.34219, 7.32529, 5.02826],
			"rotation": {"angle": -45, "axis": "x", "origin": [7.51484, 7.23701, 5.0142]},
			"faces": {
				"north": {"uv": [0, 2.375, 1.785, 3.1], "texture": "#1", "tintindex": 0},
				"east": {"uv": [0, 0, 0.11406, 0.17656], "texture": "#1", "tintindex": 0},
				"south": {"uv": [2, 9.875, 2.1, 10.051], "texture": "#1", "tintindex": 0},
				"west": {"uv": [0, 0, 0.11406, 0.17656], "texture": "#1", "tintindex": 0},
				"up": {"uv": [0, 0, 0.1, 0.11406], "texture": "#1", "tintindex": 0},
				"down": {"uv": [0, 0, 0.1, 0.11406], "texture": "#1", "tintindex": 0}
			}
		},
		{
			"from": [7.46484, 7.14873, 4.9142],
			"to": [7.56484, 7.32529, 5.02826],
			"rotation": {"angle": -45, "axis": "x", "origin": [7.51484, 7.23701, 5.0142]},
			"faces": {
				"north": {"uv": [0, 2.375, 1.785, 3.1], "texture": "#1", "tintindex": 0},
				"east": {"uv": [0, 0, 0.11406, 0.17656], "texture": "#1", "tintindex": 0},
				"south": {"uv": [2, 9.875, 2.1, 10.051], "texture": "#1", "tintindex": 0},
				"west": {"uv": [0, 0, 0.11406, 0.17656], "texture": "#1", "tintindex": 0},
				"up": {"uv": [0, 0, 0.1, 0.11406], "texture": "#1", "tintindex": 0},
				"down": {"uv": [0, 0, 0.1, 0.11406], "texture": "#1", "tintindex": 0}
			}
		},
		{
			"from": [7.10156, 7.12666, 0.14814],
			"to": [7.69922, 7.17744, 0.20673],
			"rotation": {"angle": 22.5, "axis": "x", "origin": [7.40039, 7.11103, 0.17744]},
			"faces": {
				"north": {"uv": [0, 2.375, 1.785, 3.1], "texture": "#1", "tintindex": 0},
				"east": {"uv": [0, 0, 0.05859, 0.05078], "texture": "#1", "tintindex": 0},
				"south": {"uv": [0, 0, 0.59766, 0.05078], "texture": "#1", "tintindex": 0},
				"west": {"uv": [0, 0, 0.05859, 0.05078], "texture": "#1", "tintindex": 0},
				"up": {"uv": [0, 0, 0.59766, 0.05859], "texture": "#1", "tintindex": 0},
				"down": {"uv": [0, 0, 0.59766, 0.05859], "texture": "#1", "tintindex": 0}
			}
		},
		{
			"from": [7.10156, 6.7773, 0.15635],
			"to": [7.69922, 7.13668, 0.21494],
			"rotation": {"angle": 0, "axis": "x", "origin": [7.42383, 7.07027, 0.18564]},
			"faces": {
				"north": {"uv": [0.188, 1.813, 0.66, 2.225], "texture": "#1", "tintindex": 0},
				"east": {"uv": [0, 0, 0.05859, 0.35938], "texture": "#1", "tintindex": 0},
				"south": {"uv": [0, 0, 0.59766, 0.35938], "texture": "#1", "tintindex": 0},
				"west": {"uv": [0, 0, 0.05859, 0.35938], "texture": "#1", "tintindex": 0},
				"up": {"uv": [0, 0, 0.59766, 0.05859], "texture": "#1", "tintindex": 0},
				"down": {"uv": [0, 0, 0.59766, 0.05859], "texture": "#1", "tintindex": 0}
			}
		},
		{
			"from": [7.07813, 6.49985, 0.165],
			"to": [7.72266, 6.67563, 5.33582],
			"rotation": {"angle": 0, "axis": "y", "origin": [15.03493, 14.48749, 8.30668]},
			"faces": {
				"north": {"uv": [0, 1.625, 0.645, 1.801], "texture": "#1"},
				"east": {"uv": [0, 2.313, 5.124, 2.488], "texture": "#1"},
				"south": {"uv": [0, 0, 0.64453, 0.17578], "texture": "#1"},
				"west": {"uv": [0, 2.063, 5.124, 2.238], "texture": "#1"},
				"up": {"uv": [0, 0, 0.64453, 5.12394], "texture": "#1"},
				"down": {"uv": [0, 0, 0.64453, 5.12394], "texture": "#1"}
			}
		},
		{
			"from": [7.20313, 6.20544, 0.23677],
			"to": [7.60157, 6.52576, 0.75241],
			"rotation": {"angle": -22.5, "axis": "x", "origin": [7.4004, 6.33044, 0.27584]},
			"faces": {
				"north": {"uv": [1.765, 0, 1.765, 0], "texture": "#3"},
				"east": {"uv": [1.188, 0.324, 1.247, 0.715], "texture": "#3"},
				"south": {"uv": [0, 0, 0.64453, 0.39063], "texture": "#3"},
				"west": {"uv": [2.088, 0.624, 2.147, 1.015], "texture": "#3"},
				"up": {"uv": [0, 0, 0.64453, 0.05859], "texture": "#3"},
				"down": {"uv": [0, 0, 0.64453, 0.05859], "texture": "#3"}
			}
		},
		{
			"from": [7.18359, 5.93216, 2.2202],
			"to": [7.60156, 6.22904, 2.3413],
			"rotation": {"angle": -22.5, "axis": "x", "origin": [7.40039, 6.03372, 2.25927]},
			"faces": {
				"north": {"uv": [0, 0, 0.64453, 0.39063], "texture": "#3"},
				"east": {"uv": [0, 0, 0.05859, 0.39063], "texture": "#3"},
				"south": {"uv": [0, 0, 0.64453, 0.39063], "texture": "#3"},
				"west": {"uv": [0, 0, 0.05859, 0.39063], "texture": "#3"},
				"up": {"uv": [0, 0, 0.64453, 0.05859], "texture": "#3"},
				"down": {"uv": [0, 0, 0.64453, 0.05859], "texture": "#3"}
			}
		},
		{
			"from": [7.18359, 5.62806, 2.26204],
			"to": [7.59766, 6.01478, 2.38314],
			"rotation": {"angle": 0, "axis": "x", "origin": [7.39648, 5.72962, 2.30111]},
			"faces": {
				"north": {"uv": [0, 0, 0.64453, 0.39063], "texture": "#3"},
				"east": {"uv": [0, 0, 0.05859, 0.39063], "texture": "#3"},
				"south": {"uv": [0, 0, 0.64453, 0.39063], "texture": "#3"},
				"west": {"uv": [0, 0, 0.05859, 0.39063], "texture": "#3"},
				"up": {"uv": [0, 0, 0.64453, 0.05859], "texture": "#3"},
				"down": {"uv": [0, 0, 0.64453, 0.05859], "texture": "#3"}
			}
		},
		{
			"from": [7.18359, 9.02421, -0.07685],
			"to": [7.60547, 9.32109, 0.04425],
			"rotation": {"angle": -22.5, "axis": "x", "origin": [15.18359, 13.35378, 10.37565]},
			"faces": {
				"north": {"uv": [0, 0, 0.64453, 0.39063], "texture": "#3"},
				"east": {"uv": [0, 0, 0.05859, 0.39063], "texture": "#3"},
				"south": {"uv": [0, 0, 0.64453, 0.39063], "texture": "#3"},
				"west": {"uv": [0, 0, 0.05859, 0.39063], "texture": "#3"},
				"up": {"uv": [0, 0, 0.64453, 0.05859], "texture": "#3"},
				"down": {"uv": [0, 0, 0.64453, 0.05859], "texture": "#3"}
			}
		},
		{
			"from": [7.09766, 5.10187, 3.7871],
			"to": [7.70703, 5.58625, 4.07226],
			"rotation": {"angle": -22.5, "axis": "x", "origin": [7.39453, 5.34406, 3.92968]},
			"faces": {
				"north": {"uv": [0, 0, 0.64453, 0.39063], "texture": "#1"},
				"east": {"uv": [0, 1.313, 0.059, 1.703], "texture": "#1"},
				"south": {"uv": [0, 0, 0.64453, 0.39063], "texture": "#1"},
				"west": {"uv": [0.188, 2.188, 0.247, 2.578], "texture": "#1"},
				"up": {"uv": [0, 0, 0.64453, 0.05859], "texture": "#1"},
				"down": {"uv": [0, 0, 0.64453, 0.05859], "texture": "#1"}
			}
		},
		{
			"from": [7.08594, 5.15408, 5.01311],
			"to": [7.70312, 5.63846, 5.29828],
			"rotation": {"angle": -22.5, "axis": "x", "origin": [7.39453, 4.91385, 5.07366]},
			"faces": {
				"north": {"uv": [0, 0, 0.64453, 0.39063], "texture": "#1"},
				"east": {"uv": [0.813, 1.063, 0.871, 1.453], "texture": "#1"},
				"south": {"uv": [0, 0, 0.64453, 0.39063], "texture": "#1"},
				"west": {"uv": [0.688, 1.063, 0.746, 1.453], "texture": "#1"},
				"up": {"uv": [0, 0, 0.64453, 0.05859], "texture": "#1"},
				"down": {"uv": [0, 0, 0.64453, 0.05859], "texture": "#1"}
			}
		},
		{
			"from": [7.09766, 4.16258, 4.04563],
			"to": [7.71875, 4.4829, 4.29173],
			"rotation": {"angle": 0, "axis": "x", "origin": [7.39453, 4.27586, 4.15501]},
			"faces": {
				"north": {"uv": [0, 0.813, 0.645, 1.202], "texture": "#1"},
				"east": {"uv": [0, 1.063, 0.059, 1.453], "texture": "#1"},
				"south": {"uv": [0, 0, 0.64453, 0.39063], "texture": "#1"},
				"west": {"uv": [0, 2, 0.059, 2.391], "texture": "#1"},
				"up": {"uv": [0, 0, 0.64453, 0.05859], "texture": "#1"},
				"down": {"uv": [0, 0, 0.64453, 0.05859], "texture": "#1"}
			}
		},
		{
			"from": [7.07031, 4.08446, 3.95969],
			"to": [7.75391, 4.16649, 5.1472],
			"rotation": {"angle": 0, "axis": "y", "origin": [7.39453, 3.77977, 4.15501]},
			"faces": {
				"north": {"uv": [0, 0, 0.64453, 0.39063], "texture": "#1"},
				"east": {"uv": [0, 0, 0.05859, 0.39063], "texture": "#1"},
				"south": {"uv": [0, 0, 0.64453, 0.39063], "texture": "#1"},
				"west": {"uv": [0, 0, 0.05859, 0.39063], "texture": "#1"},
				"up": {"uv": [0, 0, 0.64453, 0.05859], "texture": "#1"},
				"down": {"uv": [0, 0, 0.64453, 0.05859], "texture": "#1"}
			}
		},
		{
			"from": [7.09766, 4.7608, 3.88064],
			"to": [7.71875, 5.17487, 4.15409],
			"rotation": {"angle": 0, "axis": "y", "origin": [7.39453, 4.96784, 4.01737]},
			"faces": {
				"north": {"uv": [0, 0, 0.64453, 0.39063], "texture": "#1"},
				"east": {"uv": [0.25, 1.063, 0.309, 1.453], "texture": "#1"},
				"south": {"uv": [0, 0, 0.64453, 0.39063], "texture": "#1"},
				"west": {"uv": [0, 1.375, 0.059, 1.766], "texture": "#1"},
				"up": {"uv": [0, 0, 0.64453, 0.05859], "texture": "#1"},
				"down": {"uv": [0, 0, 0.64453, 0.05859], "texture": "#1"}
			}
		},
		{
			"from": [7.08594, 4.24909, 4.9158],
			"to": [7.71094, 5.22175, 5.19706],
			"rotation": {"angle": 0, "axis": "y", "origin": [7.38281, 5.01471, 5.05252]},
			"faces": {
				"north": {"uv": [0, 0, 0.64453, 0.39063], "texture": "#1"},
				"east": {"uv": [7, 1.188, 7.058, 1.578], "texture": "#1"},
				"south": {"uv": [0.438, 0.188, 1.082, 0.578], "texture": "#1"},
				"west": {"uv": [0, 0, 0.05859, 0.39063], "texture": "#1"},
				"up": {"uv": [0, 0, 0.64453, 0.05859], "texture": "#1"},
				"down": {"uv": [0, 0, 0.64453, 0.05859], "texture": "#1"}
			}
		},
		{
			"from": [7.09766, 4.45197, 4.14798],
			"to": [7.71875, 4.86604, 4.42142],
			"rotation": {"angle": -22.5, "axis": "x", "origin": [7.39453, 4.14143, 4.27884]},
			"faces": {
				"north": {"uv": [0, 0, 0.64453, 0.39063], "texture": "#1"},
				"east": {"uv": [0, 1.188, 0.059, 1.578], "texture": "#1"},
				"south": {"uv": [0, 0, 0.64453, 0.39063], "texture": "#1"},
				"west": {"uv": [1.875, 1.188, 1.933, 1.578], "texture": "#1"},
				"up": {"uv": [0, 0, 0.64453, 0.05859], "texture": "#1"},
				"down": {"uv": [0, 0, 0.64453, 0.05859], "texture": "#1"}
			}
		},
		{
			"from": [7.08203, 4.13031, 4.96854],
			"to": [7.69922, 4.54438, 5.24198],
			"rotation": {"angle": 22.5, "axis": "x", "origin": [7.39258, 4.33735, 5.10526]},
			"faces": {
				"north": {"uv": [0, 0, 0.64453, 0.39063], "texture": "#1"},
				"east": {"uv": [0, 0, 0.05859, 0.39063], "texture": "#1"},
				"south": {"uv": [0, 0, 0.64453, 0.39063], "texture": "#1"},
				"west": {"uv": [0, 0, 0.05859, 0.39063], "texture": "#1"},
				"up": {"uv": [0, 0, 0.64453, 0.05859], "texture": "#1"},
				"down": {"uv": [0, 0, 0.64453, 0.05859], "texture": "#1"}
			}
		},
		{
			"from": [7.18359, 5.35378, 2.37565],
			"to": [7.58203, 5.47488, 2.67253],
			"rotation": {"angle": 0, "axis": "x", "origin": [7.38086, 5.39284, 2.57097]},
			"faces": {
				"north": {"uv": [0, 0, 0.64453, 0.05859], "rotation": 180, "texture": "#3"},
				"east": {"uv": [0, 0, 0.05859, 0.39063], "rotation": 90, "texture": "#3"},
				"south": {"uv": [0, 0, 0.64453, 0.05859], "texture": "#3"},
				"west": {"uv": [0, 0, 0.05859, 0.39063], "rotation": 270, "texture": "#3"},
				"up": {"uv": [0, 0, 0.64453, 0.39063], "texture": "#3"},
				"down": {"uv": [0, 0, 0.64453, 0.39063], "rotation": 180, "texture": "#3"}
			}
		},
		{
			"from": [7.18359, 5.42718, 2.21909],
			"to": [7.58203, 5.54437, 2.37534],
			"rotation": {"angle": -45, "axis": "x", "origin": [7.38086, 5.5014, 2.4144]},
			"faces": {
				"north": {"uv": [0, 0, 0.64453, 0.05859], "rotation": 180, "texture": "#3"},
				"east": {"uv": [0, 0, 0.05859, 0.39063], "rotation": 90, "texture": "#3"},
				"south": {"uv": [0, 0, 0.64453, 0.05859], "texture": "#3"},
				"west": {"uv": [0, 0, 0.05859, 0.39063], "rotation": 270, "texture": "#3"},
				"up": {"uv": [0, 0, 0.64453, 0.39063], "texture": "#3"},
				"down": {"uv": [0, 0, 0.64453, 0.39063], "rotation": 180, "texture": "#3"}
			}
		},
		{
			"from": [7.19531, 6.04153, 2.23273],
			"to": [7.59375, 6.22904, 2.59992],
			"rotation": {"angle": -45, "axis": "x", "origin": [7.39258, 6.11575, 2.4046]},
			"faces": {
				"north": {"uv": [0, 0, 0.64453, 0.05859], "rotation": 180, "texture": "#3"},
				"east": {"uv": [0, 0, 0.05859, 0.39063], "rotation": 90, "texture": "#3"},
				"south": {"uv": [0, 0, 0.64453, 0.05859], "texture": "#3"},
				"west": {"uv": [0, 0, 0.05859, 0.39063], "rotation": 270, "texture": "#3"},
				"up": {"uv": [0, 0, 0.64453, 0.39063], "texture": "#3"},
				"down": {"uv": [0, 0, 0.64453, 0.39063], "rotation": 180, "texture": "#3"}
			}
		},
		{
			"from": [7.18359, 5.35378, 2.67253],
			"to": [7.58203, 5.47488, 3.37176],
			"rotation": {"angle": 0, "axis": "y", "origin": [7.38086, 5.39284, 2.86785]},
			"faces": {
				"north": {"uv": [0, 0, 0.64453, 0.05859], "rotation": 180, "texture": "#3"},
				"east": {"uv": [0, 0, 0.05859, 0.39063], "rotation": 90, "texture": "#3"},
				"south": {"uv": [0, 0, 0.64453, 0.05859], "texture": "#3"},
				"west": {"uv": [0, 0, 0.05859, 0.39063], "rotation": 270, "texture": "#3"},
				"up": {"uv": [0, 0, 0.64453, 0.39063], "texture": "#3"},
				"down": {"uv": [0, 0, 0.64453, 0.39063], "rotation": 180, "texture": "#3"}
			}
		},
		{
			"from": [7.18359, 5.42164, 3.34194],
			"to": [7.58203, 5.54665, 3.70913],
			"rotation": {"angle": -22.5, "axis": "x", "origin": [7.38086, 5.46461, 3.53725]},
			"faces": {
				"north": {"uv": [0, 0, 0.64453, 0.05859], "rotation": 180, "texture": "#3"},
				"east": {"uv": [0, 0, 0.05859, 0.39063], "rotation": 90, "texture": "#3"},
				"south": {"uv": [0, 0, 0.64453, 0.05859], "texture": "#3"},
				"west": {"uv": [0, 0, 0.05859, 0.39063], "rotation": 270, "texture": "#3"},
				"up": {"uv": [0, 0, 0.64453, 0.39063], "texture": "#3"},
				"down": {"uv": [0, 0, 0.64453, 0.39063], "rotation": 180, "texture": "#3"}
			}
		},
		{
			"from": [7.18359, 5.50349, 3.66477],
			"to": [7.62109, 5.87068, 4.01634],
			"rotation": {"angle": 22.5, "axis": "x", "origin": [7.33203, 5.68709, 3.72532]},
			"faces": {
				"north": {"uv": [0, 0, 0.64453, 0.39063], "rotation": 180, "texture": "#3"},
				"east": {"uv": [0, 0, 0.05859, 0.39063], "rotation": 180, "texture": "#3"},
				"south": {"uv": [0, 0, 0.64453, 0.39063], "rotation": 180, "texture": "#3"},
				"west": {"uv": [0, 0, 0.05859, 0.39063], "rotation": 180, "texture": "#3"},
				"up": {"uv": [0, 0, 0.64453, 0.05859], "texture": "#3"},
				"down": {"uv": [0, 0, 0.64453, 0.05859], "texture": "#3"}
			}
		},
		{
			"from": [7.08204, 5.50684, 3.65865],
			"to": [7.69141, 6.33497, 5.26412],
			"rotation": {"angle": -22.5, "axis": "x", "origin": [7.37695, 5.99903, 3.74068]},
			"faces": {
				"north": {"uv": [0.125, 1.5, 3.332, 2.328], "rotation": 180, "texture": "#1"},
				"east": {"uv": [0, 1.25, 3.434, 2.141], "rotation": 180, "texture": "#1"},
				"south": {"uv": [0, 0, 0.64453, 0.39063], "rotation": 180, "texture": "#1"},
				"west": {"uv": [2, 0.688, 3.023, 1.663], "rotation": 180, "texture": "#1"},
				"up": {"uv": [0, 0, 0.64453, 0.05859], "texture": "#1"},
				"down": {"uv": [0, 0, 0.64453, 0.05859], "texture": "#1"}
			}
		},
		{
			"from": [7.08984, 6.17125, 2.12984],
			"to": [7.69922, 6.29235, 3.65718],
			"rotation": {"angle": 0, "axis": "x", "origin": [7.42578, 6.2318, 2.80953]},
			"faces": {
				"north": {"uv": [0, 0, 0.64453, 0.05859], "rotation": 180, "texture": "#3"},
				"east": {"uv": [9.999, 0.132, 14.39, 0.523], "rotation": 270, "texture": "#3"},
				"south": {"uv": [0, 0, 0.64453, 0.05859], "texture": "#3"},
				"west": {"uv": [8.09, 0.324, 14.016, 0.582], "rotation": 90, "texture": "#3"},
				"up": {"uv": [0, 0, 0.64453, 0.39063], "rotation": 180, "texture": "#3"},
				"down": {"uv": [0, 0, 0.64453, 0.39063], "texture": "#3"}
			}
		},
		{
			"from": [7.20223, 6.28009, 0.30277],
			"to": [7.42489, 6.54181, 2.13871],
			"rotation": {"angle": 22.5, "axis": "z", "origin": [7.24129, 6.29572, 0.55473]},
			"faces": {
				"north": {"uv": [0, 0, 0.05859, 0.39063], "texture": "#3"},
				"east": {"uv": [0, 0, 0.64453, 0.39063], "texture": "#3"},
				"south": {"uv": [0, 0, 0.05859, 0.39063], "texture": "#3"},
				"west": {"uv": [0, 0, 11.615, 3.356], "texture": "#3"},
				"up": {"uv": [0, 0, 0.64453, 0.05859], "rotation": 270, "texture": "#3"},
				"down": {"uv": [0, 0, 0.64453, 0.05859], "rotation": 90, "texture": "#3"}
			}
		},
		{
			"from": [7.46184, 6.29181, 0.31059],
			"to": [7.59856, 6.54181, 2.13871],
			"rotation": {"angle": -22.5, "axis": "z", "origin": [7.5595, 6.29572, 0.50004]},
			"faces": {
				"north": {"uv": [0.05859, 0, 0, 0.39063], "texture": "#3"},
				"east": {"uv": [15.996, 0, 0, 0], "texture": "#3"},
				"south": {"uv": [0.05859, 0, 0, 0.39063], "texture": "#3"},
				"west": {"uv": [0.64453, 0, 0, 0.39063], "texture": "#3"},
				"up": {"uv": [0, 0.05859, 0.64453, 0], "rotation": 270, "texture": "#3"},
				"down": {"uv": [0, 0.05859, 0.64453, 0], "rotation": 90, "texture": "#3"}
			}
		},
		{
			"from": [7.19922, 6.2952, 0.30668],
			"to": [7.60157, 6.53348, 2.13871],
			"rotation": {"angle": 0, "axis": "x", "origin": [7.4043, 6.3284, 1.26762]},
			"color": 4,
			"faces": {
				"north": {"uv": [0, 0, 0.40234, 0.23828], "texture": "#missing"},
				"east": {"uv": [0, 0, 1.83203, 0.23828], "texture": "#missing"},
				"south": {"uv": [0, 0, 0.40234, 0.23828], "texture": "#missing"},
				"west": {"uv": [0, 0, 1.83203, 0.23828], "texture": "#missing"},
				"up": {"uv": [0, 0, 0.40234, 1.83203], "texture": "#missing"},
				"down": {"uv": [0, 0, 0.40234, 1.83203], "texture": "#missing"}
			}
		},
		{
			"from": [7.07813, 6.25766, 2.12488],
			"to": [7.71485, 6.49594, 5.40223],
			"rotation": {"angle": 0, "axis": "y", "origin": [7.39649, 6.29086, 4.47254]},
			"faces": {
				"north": {"uv": [0, 0, 0.63281, 0.23828], "texture": "#3"},
				"east": {"uv": [0, 0, 14.992, 0.921], "texture": "#3"},
				"south": {"uv": [0, 0, 0.63281, 0.23828], "texture": "#3"},
				"west": {"uv": [4.153, 0, 15.987, 0.62], "texture": "#3"},
				"up": {"uv": [0, 0, 0.63281, 3.27734], "texture": "#3"},
				"down": {"uv": [0, 0, 0.63281, 3.27734], "texture": "#3"}
			}
		},
		{
			"from": [7.23438, 6.18583, 0.29887],
			"to": [7.56251, 6.45926, 2.13871],
			"rotation": {"angle": 0, "axis": "y", "origin": [7.4043, 6.25419, 1.26762]},
			"faces": {
				"north": {"uv": [0, 0, 0.32813, 0.27344], "texture": "#3"},
				"east": {"uv": [0, 0, 1.83984, 0.27344], "texture": "#3"},
				"south": {"uv": [0, 0, 0.32813, 0.27344], "texture": "#3"},
				"west": {"uv": [0, 0, 3.301, 0.264], "texture": "#3"},
				"up": {"uv": [0, 0, 0.32813, 1.83984], "texture": "#3"},
				"down": {"uv": [0, 0, 0.32813, 1.83984], "texture": "#3"}
			}
		},
		{
			"from": [7.22656, 6.12891, 0.29688],
			"to": [7.58984, 6.23047, 0.38281],
			"rotation": {"angle": 0, "axis": "y", "origin": [7.5, 6.57031, 0.15625]},
			"faces": {
				"north": {"uv": [8.462, 8.534, 8.895, 8.846], "texture": "#4"},
				"east": {"uv": [8.391, 8.746, 9.032, 8.847], "texture": "#4"},
				"south": {"uv": [8.818, 8.746, 8.878, 8.746], "texture": "#4"},
				"west": {"uv": [8.319, 8.888, 8.959, 8.99], "texture": "#4"},
				"up": {"uv": [8.746, 8.533, 9.108, 9.173], "texture": "#4"},
				"down": {"uv": [8.604, 8.391, 8.966, 9.03], "texture": "#4"}
			}
		},
		{
			"name": "彈夾保全",
			"from": [6.99609, 5.38672, 3.85157],
			"to": [7.16016, 5.54297, 3.98438],
			"rotation": {"angle": 0, "axis": "y", "origin": [7.24414, 5.45703, 3.91407]},
			"faces": {
				"north": {"uv": [5.989, 3.684, 6.153, 3.84], "texture": "#3"},
				"east": {"uv": [6.301, 3.913, 6.44, 4.059], "texture": "#3"},
				"south": {"uv": [6.301, 3.768, 6.464, 3.925], "texture": "#3"},
				"west": {"uv": [4.993, 2.377, 5.125, 2.532], "texture": "#3"},
				"up": {"uv": [6.301, 3.612, 6.464, 3.744], "texture": "#3"},
				"down": {"uv": [6.146, 4.297, 6.309, 4.429], "texture": "#3"}
			}
		},
		{
			"name": "彈夾保全",
			"from": [6.99609, 5.38672, 3.85157],
			"to": [7.16016, 5.54297, 3.98438],
			"rotation": {"angle": -22.5, "axis": "x", "origin": [7.24414, 5.45703, 3.91407]},
			"faces": {
				"north": {"uv": [5.989, 3.684, 6.153, 3.84], "texture": "#3"},
				"east": {"uv": [6.301, 3.913, 6.44, 4.059], "texture": "#3"},
				"south": {"uv": [6.301, 3.768, 6.464, 3.925], "texture": "#3"},
				"west": {"uv": [4.993, 2.377, 5.125, 2.532], "texture": "#3"},
				"up": {"uv": [6.301, 3.612, 6.464, 3.744], "texture": "#3"},
				"down": {"uv": [6.146, 4.297, 6.309, 4.429], "texture": "#3"}
			}
		},
		{
			"name": "彈夾保全",
			"from": [6.99609, 5.38672, 3.85157],
			"to": [7.16016, 5.54297, 3.98438],
			"rotation": {"angle": -45, "axis": "x", "origin": [7.24414, 5.45703, 3.91407]},
			"faces": {
				"north": {"uv": [5.989, 3.684, 6.153, 3.84], "texture": "#3"},
				"east": {"uv": [6.301, 3.913, 6.44, 4.059], "texture": "#3"},
				"south": {"uv": [6.301, 3.768, 6.464, 3.925], "texture": "#3"},
				"west": {"uv": [4.993, 2.377, 5.125, 2.532], "texture": "#3"},
				"up": {"uv": [6.301, 3.612, 6.464, 3.744], "texture": "#3"},
				"down": {"uv": [6.146, 4.297, 6.309, 4.429], "texture": "#3"}
			}
		},
		{
			"name": "彈夾保全",
			"from": [6.99609, 5.39453, 3.84376],
			"to": [7.16016, 5.53516, 3.99219],
			"rotation": {"angle": 22.5, "axis": "x", "origin": [7.24414, 5.45703, 3.91407]},
			"faces": {
				"north": {"uv": [5.989, 3.684, 6.153, 3.84], "rotation": 180, "texture": "#3"},
				"east": {"uv": [6.301, 3.913, 6.44, 4.059], "rotation": 90, "texture": "#3"},
				"south": {"uv": [6.301, 3.768, 6.464, 3.925], "texture": "#3"},
				"west": {"uv": [4.993, 2.377, 5.125, 2.532], "rotation": 270, "texture": "#3"},
				"up": {"uv": [6.301, 3.612, 6.464, 3.744], "texture": "#3"},
				"down": {"uv": [6.146, 4.297, 6.309, 4.429], "rotation": 180, "texture": "#3"}
			}
		},
		{
			"name": "彈夾保全",
			"from": [6.99609, 5.39453, 3.84376],
			"to": [7.16016, 5.53516, 3.99219],
			"rotation": {"angle": 0, "axis": "x", "origin": [7.24414, 5.45703, 3.91407]},
			"faces": {
				"north": {"uv": [5.989, 3.684, 6.153, 3.84], "rotation": 180, "texture": "#3"},
				"east": {"uv": [6.301, 3.913, 6.44, 4.059], "rotation": 90, "texture": "#3"},
				"south": {"uv": [6.301, 3.768, 6.464, 3.925], "texture": "#3"},
				"west": {"uv": [4.993, 2.377, 5.125, 2.532], "rotation": 270, "texture": "#3"},
				"up": {"uv": [6.301, 3.612, 6.464, 3.744], "texture": "#3"},
				"down": {"uv": [6.146, 4.297, 6.309, 4.429], "rotation": 180, "texture": "#3"}
			}
		},
		{
			"from": [7.23047, 6.125, 0.5625],
			"to": [7.59375, 6.22656, 0.64844],
			"rotation": {"angle": 0, "axis": "y", "origin": [7.50391, 6.56641, 0.42188]},
			"faces": {
				"north": {"uv": [8.462, 8.534, 8.895, 8.846], "texture": "#4"},
				"east": {"uv": [8.391, 8.746, 9.032, 8.847], "texture": "#4"},
				"south": {"uv": [8.818, 8.746, 8.878, 8.746], "texture": "#4"},
				"west": {"uv": [8.319, 8.888, 8.959, 8.99], "texture": "#4"},
				"up": {"uv": [8.746, 8.533, 9.108, 9.173], "texture": "#4"},
				"down": {"uv": [8.604, 8.391, 8.966, 9.03], "texture": "#4"}
			}
		},
		{
			"from": [7.22656, 6.125, 0.82422],
			"to": [7.58984, 6.22656, 0.91016],
			"rotation": {"angle": 0, "axis": "y", "origin": [7.5, 6.56641, 0.68359]},
			"faces": {
				"north": {"uv": [8.462, 8.534, 8.895, 8.846], "texture": "#4"},
				"east": {"uv": [8.391, 8.746, 9.032, 8.847], "texture": "#4"},
				"south": {"uv": [8.818, 8.746, 8.878, 8.746], "texture": "#4"},
				"west": {"uv": [8.319, 8.888, 8.959, 8.99], "texture": "#4"},
				"up": {"uv": [8.746, 8.533, 9.108, 9.173], "texture": "#4"},
				"down": {"uv": [8.604, 8.391, 8.966, 9.03], "texture": "#4"}
			}
		},
		{
			"from": [7.22656, 6.125, 1.08984],
			"to": [7.58984, 6.22656, 1.17578],
			"rotation": {"angle": 0, "axis": "y", "origin": [7.5, 6.56641, 0.94922]},
			"faces": {
				"north": {"uv": [8.462, 8.534, 8.895, 8.846], "texture": "#4"},
				"east": {"uv": [8.391, 8.746, 9.032, 8.847], "texture": "#4"},
				"south": {"uv": [8.818, 8.746, 8.878, 8.746], "texture": "#4"},
				"west": {"uv": [8.319, 8.888, 8.959, 8.99], "texture": "#4"},
				"up": {"uv": [8.746, 8.533, 9.108, 9.173], "texture": "#4"},
				"down": {"uv": [8.604, 8.391, 8.966, 9.03], "texture": "#4"}
			}
		},
		{
			"from": [7.22266, 6.125, 1.36328],
			"to": [7.58984, 6.22656, 1.44922],
			"rotation": {"angle": 0, "axis": "y", "origin": [7.5, 6.56641, 1.22266]},
			"faces": {
				"north": {"uv": [8.462, 8.534, 8.895, 8.846], "texture": "#4"},
				"east": {"uv": [8.391, 8.746, 9.032, 8.847], "texture": "#4"},
				"south": {"uv": [8.818, 8.746, 8.878, 8.746], "texture": "#4"},
				"west": {"uv": [8.319, 8.888, 8.959, 8.99], "texture": "#4"},
				"up": {"uv": [8.746, 8.533, 9.108, 9.173], "texture": "#4"},
				"down": {"uv": [8.604, 8.391, 8.966, 9.03], "texture": "#4"}
			}
		},
		{
			"from": [7.22656, 6.125, 1.62891],
			"to": [7.58984, 6.22656, 2.26953],
			"rotation": {"angle": 0, "axis": "y", "origin": [7.5, 6.56641, 1.48828]},
			"faces": {
				"north": {"uv": [8.462, 8.534, 8.895, 8.846], "texture": "#4"},
				"east": {"uv": [8.391, 8.746, 9.032, 8.847], "texture": "#4"},
				"south": {"uv": [8.818, 8.746, 8.878, 8.746], "texture": "#4"},
				"west": {"uv": [8.319, 8.888, 8.959, 8.99], "texture": "#4"},
				"up": {"uv": [8.746, 8.533, 9.108, 9.173], "texture": "#4"},
				"down": {"uv": [8.604, 8.391, 8.966, 9.03], "texture": "#4"}
			}
		},
		{
			"name": "扳機",
			"from": [7.28125, 6.03516, 3.23438],
			"to": [7.51563, 6.17578, 3.52734],
			"rotation": {"angle": 0, "axis": "y", "origin": [7.5, 6.53516, 3.73438]},
			"faces": {
				"north": {"uv": [0, 1.625, 0.235, 1.957], "texture": "#1"},
				"east": {"uv": [0, 1.75, 0.332, 1.891], "texture": "#1"},
				"south": {"uv": [0, 1.563, 0.235, 1.895], "texture": "#1"},
				"west": {"uv": [0, 1.375, 0.332, 1.516], "texture": "#1"},
				"up": {"uv": [0, 1.625, 0.235, 1.766], "texture": "#1"},
				"down": {"uv": [0, 2, 0.235, 2.141], "texture": "#1"}
			}
		},
		{
			"name": "扳機",
			"from": [7.28125, 5.80846, 3.17297],
			"to": [7.51563, 6.14049, 3.31359],
			"rotation": {"angle": 22.5, "axis": "x", "origin": [7.39844, 5.87291, 3.24328]},
			"faces": {
				"north": {"uv": [0, 1.625, 0.235, 1.957], "rotation": 180, "texture": "#1"},
				"east": {"uv": [0, 1.75, 0.332, 1.891], "rotation": 90, "texture": "#1"},
				"south": {"uv": [0, 1.563, 0.235, 1.895], "texture": "#1"},
				"west": {"uv": [0, 1.375, 0.332, 1.516], "rotation": 270, "texture": "#1"},
				"up": {"uv": [0, 1.625, 0.235, 1.766], "texture": "#1"},
				"down": {"uv": [0, 2, 0.235, 2.141], "rotation": 180, "texture": "#1"}
			}
		},
		{
			"name": "扳機",
			"from": [7.28125, 5.67871, 2.945],
			"to": [7.51563, 5.76855, 3.27703],
			"rotation": {"angle": -22.5, "axis": "x", "origin": [7.39844, 5.74902, 3.00946]},
			"faces": {
				"north": {"uv": [0, 1.625, 0.235, 1.957], "texture": "#1"},
				"east": {"uv": [0, 1.75, 0.332, 1.891], "texture": "#1"},
				"south": {"uv": [0, 1.563, 0.235, 1.895], "texture": "#1"},
				"west": {"uv": [0, 1.375, 0.332, 1.516], "texture": "#1"},
				"up": {"uv": [0, 1.625, 0.235, 1.766], "texture": "#1"},
				"down": {"uv": [0, 2, 0.235, 2.141], "texture": "#1"}
			}
		},
		{
			"name": "扳機",
			"from": [7.28125, 6.05447, 3.49553],
			"to": [7.51563, 6.28103, 3.63616],
			"rotation": {"angle": -22.5, "axis": "x", "origin": [7.39844, 6.12478, 3.55998]},
			"faces": {
				"north": {"uv": [0, 1.625, 0.235, 1.957], "texture": "#1"},
				"east": {"uv": [0, 1.75, 0.332, 1.891], "texture": "#1"},
				"south": {"uv": [0, 1.563, 0.235, 1.895], "texture": "#1"},
				"west": {"uv": [0, 1.375, 0.332, 1.516], "texture": "#1"},
				"up": {"uv": [0, 1.625, 0.235, 1.766], "texture": "#1"},
				"down": {"uv": [0, 2, 0.235, 2.141], "texture": "#1"}
			}
		},
		{
			"from": [7.08203, 4.66016, 3.96875],
			"to": [7.70313, 6.54688, 4.9375],
			"rotation": {"angle": 0, "axis": "y", "origin": [7.5, 6.04688, 4.46875]},
			"faces": {
				"north": {"uv": [0, 0, 0.62891, 1.88672], "texture": "#1"},
				"east": {"uv": [0.563, 0.813, 1.969, 1.887], "texture": "#1"},
				"south": {"uv": [0, 0, 0.62891, 1.88672], "texture": "#1"},
				"west": {"uv": [0.125, 1.188, 4.027, 1.775], "texture": "#1"},
				"up": {"uv": [0, 0, 0.62891, 0.96875], "texture": "#1"},
				"down": {"uv": [0, 0, 0.62891, 0.96875], "texture": "#1"}
			}
		},
		{
			"from": [7.07812, 4.09375, 4.18359],
			"to": [7.70703, 5.28516, 5.15234],
			"rotation": {"angle": 0, "axis": "y", "origin": [7.5, 5.28125, 4.68359]},
			"faces": {
				"north": {"uv": [0, 0, 0.64063, 1.19141], "texture": "#1"},
				"east": {"uv": [5.063, 1.188, 5.595, 1.626], "texture": "#1"},
				"south": {"uv": [0, 0, 0.64063, 1.19141], "texture": "#1"},
				"west": {"uv": [0, 1.313, 5.969, 2.315], "texture": "#1"},
				"up": {"uv": [0, 0, 0.64063, 0.96875], "texture": "#1"},
				"down": {"uv": [0, 0, 0.64063, 0.96875], "texture": "#1"}
			}
		},
		{
			"from": [7.07422, 6.05308, 5.15822],
			"to": [7.72657, 6.61168, 5.48244],
			"rotation": {"angle": -22.5, "axis": "x", "origin": [7.4004, 6.30308, 5.39064]},
			"faces": {
				"north": {"uv": [0, 0, 0.64453, 0.60938], "texture": "#3"},
				"east": {"uv": [0, 0, 0.32031, 0.60938], "texture": "#3"},
				"south": {"uv": [0, 0, 7.342, 0.91], "texture": "#3"},
				"west": {"uv": [0, 0, 0.32031, 0.60938], "texture": "#3"},
				"up": {"uv": [0, 0, 0.64453, 0.32031], "texture": "#3"},
				"down": {"uv": [0, 0, 0.64453, 0.32031], "texture": "#3"}
			}
		},
		{
			"from": [7.07813, 6.00464, 5.46187],
			"to": [7.72266, 6.2937, 5.60641],
			"rotation": {"angle": -45, "axis": "x", "origin": [7.4004, 6.15894, 5.39937]},
			"faces": {
				"north": {"uv": [0, 0, 0.64453, 0.28906], "texture": "#3"},
				"east": {"uv": [0, 0, 0.14453, 0.28906], "texture": "#3"},
				"south": {"uv": [0.96, 0, 4.737, 0.661], "texture": "#3"},
				"west": {"uv": [0, 0, 0.14453, 0.28906], "texture": "#3"},
				"up": {"uv": [0, 0, 0.64453, 0.14453], "texture": "#3"},
				"down": {"uv": [0, 0, 0.64453, 0.14453], "texture": "#3"}
			}
		},
		{
			"from": [7.07032, 5.64559, 4.9713],
			"to": [7.70314, 6.28231, 5.27208],
			"rotation": {"angle": 45, "axis": "x", "origin": [7.4004, 6.03427, 5.02989]},
			"faces": {
				"north": {"uv": [0, 0, 0.64453, 0.69141], "texture": "#1"},
				"east": {"uv": [0.5, 1.25, 0.801, 1.941], "texture": "#1"},
				"south": {"uv": [0, 0, 0.64453, 0.69141], "texture": "#1"},
				"west": {"uv": [2.375, 1.188, 2.676, 1.878], "texture": "#1"},
				"up": {"uv": [0, 0, 0.64453, 0.30078], "texture": "#1"},
				"down": {"uv": [0, 0, 0.64453, 0.30078], "texture": "#1"}
			}
		},
		{
			"from": [7.07813, 6.15894, 5.4482],
			"to": [7.72266, 6.23315, 5.62398],
			"rotation": {"angle": 22.5, "axis": "x", "origin": [7.4004, 6.02612, 5.58297]},
			"faces": {
				"north": {"uv": [0, 0, 0.64453, 0.07422], "rotation": 180, "texture": "#3"},
				"east": {"uv": [0, 0, 0.07422, 0.17578], "rotation": 90, "texture": "#3"},
				"south": {"uv": [0, 0, 0.64453, 0.07422], "texture": "#3"},
				"west": {"uv": [0, 0, 0.07422, 0.17578], "rotation": 270, "texture": "#3"},
				"up": {"uv": [0, 0, 0.64453, 0.17578], "texture": "#3"},
				"down": {"uv": [0, 0, 0.64453, 0.17578], "rotation": 180, "texture": "#3"}
			}
		},
		{
			"from": [7.01563, 6.41797, 2.52344],
			"to": [7.13281, 6.54688, 3.14453],
			"rotation": {"angle": 0, "axis": "y", "origin": [6.63281, 6.53516, 2.97266]},
			"faces": {
				"north": {"uv": [0, 0, 0.11719, 0.12891], "texture": "#2"},
				"east": {"uv": [0, 0, 0.62109, 0.12891], "texture": "#2"},
				"south": {"uv": [2.375, 0.688, 2.492, 0.816], "texture": "#2"},
				"west": {"uv": [2.563, 0.813, 2.925, 0.946], "texture": "#2"},
				"up": {"uv": [2.813, 0.375, 2.93, 0.996], "texture": "#2"},
				"down": {"uv": [2.813, 0.5, 2.93, 1.121], "texture": "#2"}
			}
		},
		{
			"from": [7.02344, 6.35411, 2.48509],
			"to": [7.13281, 6.48302, 2.76244],
			"rotation": {"angle": 22.5, "axis": "x", "origin": [7.07813, 6.41856, 2.66478]},
			"faces": {
				"north": {"uv": [2.75, 0.75, 2.86, 0.879], "texture": "#2"},
				"east": {"uv": [0, 0, 0.35938, 0.12891], "texture": "#2"},
				"south": {"uv": [0, 0, 0.10938, 0.12891], "texture": "#2"},
				"west": {"uv": [2.563, 0.813, 2.925, 0.946], "texture": "#2"},
				"up": {"uv": [0, 0, 0.10938, 0.35938], "texture": "#2"},
				"down": {"uv": [2.813, 0.563, 2.923, 0.923], "texture": "#2"}
			}
		},
		{
			"from": [7.02344, 6.39317, 2.69356],
			"to": [7.13281, 6.51817, 2.95138],
			"rotation": {"angle": -22.5, "axis": "x", "origin": [7.07813, 6.45763, 2.9006]},
			"faces": {
				"north": {"uv": [0, 0, 0.10938, 0.18359], "texture": "#2"},
				"east": {"uv": [0, 0, 0.21094, 0.18359], "texture": "#2"},
				"south": {"uv": [2.875, 0.938, 2.985, 1.121], "texture": "#2"},
				"west": {"uv": [2.563, 0.813, 2.925, 0.946], "texture": "#2"},
				"up": {"uv": [0, 0, 0.10938, 0.21094], "texture": "#2"},
				"down": {"uv": [2.813, 0.875, 2.922, 1.086], "texture": "#2"}
			}
		},
		{
			"from": [6.99219, 6.44531, 3.96875],
			"to": [7.14453, 6.57813, 4.33203],
			"rotation": {"angle": 0, "axis": "y", "origin": [6.64453, 6.73047, 4.46875]},
			"faces": {
				"north": {"uv": [2.625, 0.813, 2.778, 0.946], "texture": "#2"},
				"east": {"uv": [2.75, 0.813, 3.114, 0.946], "texture": "#2"},
				"south": {"uv": [3, 0.813, 3.153, 0.946], "texture": "#2"},
				"west": {"uv": [2.563, 0.813, 2.925, 0.946], "texture": "#2"},
				"up": {"uv": [3, 0.625, 3.153, 0.989], "texture": "#2"},
				"down": {"uv": [2.813, 0.5, 2.965, 0.864], "texture": "#2"}
			}
		}
	],
	"display": {
		"thirdperson_righthand": {
			"translation": [0.75, 3, 6.25],
			"scale": [1.3, 1.3, 1.3]
		},
		"thirdperson_lefthand": {
			"translation": [-0.75, 3, 6.5],
			"scale": [1.3, 1.3, 1.3]
		},
		"firstperson_righthand": {
			"translation": [-8.15, 9, 11],
			"scale": [1.35, 1.5, 1.5]
		},
		"firstperson_lefthand": {
			"translation": [-9.63, 9, 11.5]
		},
		"ground": {
			"translation": [0, 0, 4.5]
		},
		"gui": {
			"rotation": [0, -90, 0],
			"translation": [-9.75, 3.5, 0],
			"scale": [2, 2, 2]
		},
		"fixed": {
			"rotation": [0, 90, 0],
			"translation": [15.25, 6.25, -2.75],
			"scale": [3, 3, 3]
		}
	},
	"groups": [
		{
			"name": "槍管",
			"origin": [8, 8, 8],
			"children": [0, 1, 2, 3, 4, 5, 6, 7, 8, 9, 10, 11, 12, 13, 14, 15]
		},
		{
			"name": "槍外殼",
			"origin": [8, 8, 8],
			"children": [
				{
					"name": "上身",
					"origin": [8, 8, 8],
					"children": [16, 17, 18, 19, 20, 21, 22, 23, 24, 25, 26, 27, 28, 29, 30, 31, 32, 33, 34, 35, 36, 37, 38, 39, 40, 41, 42]
				},
				{
					"name": "下身",
					"origin": [8, 8, 8],
					"children": [43, 44, 45, 46, 47, 48, 49, 50, 51, 52, 53, 54, 55, 56, 57, 58, 59, 60, 61, 62, 63, 64, 65, 66, 67, 68, 69, 70, 71, 72, 73, 74, 75, 76, 77, 78, 79, 80, 81, 82, 83, 84, 85, 86, 87, 88, 89]
				},
				{
					"name": "安全",
					"origin": [8, 8, 8],
					"children": [90, 91, 92, 93]
				}
			]
		}
	]
}
