{
	"credit": "Made with Blockbench",
	"textures": {
		"0": "nubx/uzi1",
		"1": "nubx/uzi2",
		"2": "nubx/goldbase",
		"particle": "nubx/uzi1"
	},
	"elements": [
		{
			"from": [9, 9.33828, 0],
			"to": [10, 11.93828, 1],
			"rotation": {"angle": 0, "axis": "y", "origin": [8.33007, 15.85995, 0.49895]},
			"faces": {
				"north": {"uv": [0, 0, 1, 2.6], "texture": "#1"},
				"east": {"uv": [0, 0, 1, 2.6], "texture": "#1"},
				"south": {"uv": [0, 0, 1, 2.6], "texture": "#1"},
				"west": {"uv": [0, 0, 1, 2.6], "texture": "#1"},
				"up": {"uv": [0, 0, 1, 1], "texture": "#1"},
				"down": {"uv": [0, 0, 1, 1], "texture": "#1"}
			}
		},
		{
			"from": [8.9, 12.03828, 0],
			"to": [9.4, 14.53828, 1],
			"rotation": {"angle": 0, "axis": "y", "origin": [8.33007, 15.85995, 0.49895]},
			"faces": {
				"north": {"uv": [0, 0, 0.5, 2.5], "texture": "#0"},
				"east": {"uv": [0, 0, 0.5, 2.5], "texture": "#0"},
				"south": {"uv": [0, 0, 0.5, 2.5], "texture": "#0"},
				"west": {"uv": [0, 0, 0.5, 2.5], "texture": "#0"},
				"up": {"uv": [0, 0, 0.5, 2.5], "texture": "#0"},
				"down": {"uv": [0, 0, 0.5, 2.5], "texture": "#0"}
			}
		},
		{
			"from": [8.9, 14.53828, 0],
			"to": [10, 15.03828, 1],
			"rotation": {"angle": 0, "axis": "y", "origin": [8.33007, 15.85995, 0.49895]},
			"faces": {
				"north": {"uv": [0, 0, 1.1, 0.5], "texture": "#0"},
				"east": {"uv": [0, 0, 1, 0.5], "texture": "#0"},
				"south": {"uv": [0, 0, 1.1, 0.5], "texture": "#0"},
				"west": {"uv": [0, 0, 1, 0.5], "texture": "#0"},
				"up": {"uv": [0, 0, 1.1, 1], "texture": "#0"},
				"down": {"uv": [0, 0, 1.1, 1], "texture": "#0"}
			}
		},
		{
			"from": [8.9, 11.93828, 0],
			"to": [10.3, 12.03828, 1],
			"rotation": {"angle": 0, "axis": "y", "origin": [8.33007, 15.85995, 0.49895]},
			"faces": {
				"north": {"uv": [0, 0, 1.4, 0.1], "texture": "#0"},
				"east": {"uv": [0, 0, 1, 0.1], "texture": "#0"},
				"south": {"uv": [0, 0, 1.4, 0.1], "texture": "#0"},
				"west": {"uv": [0, 0, 1, 0.1], "texture": "#0"},
				"up": {"uv": [0, 0, 1.4, 1], "texture": "#0"},
				"down": {"uv": [0, 0, 1.4, 1], "texture": "#0"}
			}
		},
		{
			"from": [7.35585, 12.0187, 0],
			"to": [7.55585, 12.1187, 1],
			"rotation": {"angle": 22.5, "axis": "z", "origin": [8.33007, 15.85995, 0.49895]},
			"faces": {
				"north": {"uv": [0, 0, 0.2, 0.1], "texture": "#0"},
				"east": {"uv": [0, 0, 1, 0.1], "texture": "#0"},
				"south": {"uv": [0, 0, 0.2, 0.1], "texture": "#0"},
				"west": {"uv": [0, 0, 1, 0.1], "texture": "#0"},
				"up": {"uv": [0, 0, 0.2, 1], "texture": "#0"},
				"down": {"uv": [0, 0, 0.2, 1], "texture": "#0"}
			}
		},
		{
			"from": [8.64928, 11.48294, 0],
			"to": [8.84928, 11.58294, 1],
			"rotation": {"angle": 22.5, "axis": "z", "origin": [8.33007, 15.85995, 0.49895]},
			"faces": {
				"north": {"uv": [0, 0, 0.2, 0.1], "texture": "#0"},
				"east": {"uv": [0, 0, 1, 0.1], "texture": "#0"},
				"south": {"uv": [0, 0, 0.2, 0.1], "texture": "#0"},
				"west": {"uv": [0, 0, 1, 0.1], "texture": "#0"},
				"up": {"uv": [0, 0, 0.2, 1], "texture": "#0"},
				"down": {"uv": [0, 0, 0.2, 1], "texture": "#0"}
			}
		},
		{
			"from": [12.37247, 14.66464, 0],
			"to": [12.57247, 14.96464, 1],
			"rotation": {"angle": -45, "axis": "z", "origin": [8.33007, 15.85995, 0.49895]},
			"faces": {
				"north": {"uv": [0, 0, 0.3, 0.2], "rotation": 90, "texture": "#0"},
				"east": {"uv": [0, 0, 0.3, 1], "rotation": 270, "texture": "#0"},
				"south": {"uv": [0, 0, 0.3, 0.2], "rotation": 270, "texture": "#0"},
				"west": {"uv": [0, 0, 0.3, 1], "rotation": 270, "texture": "#0"},
				"up": {"uv": [0, 0, 1, 0.2], "rotation": 270, "texture": "#0"},
				"down": {"uv": [0, 0, 1, 0.2], "rotation": 270, "texture": "#0"}
			}
		},
		{
			"from": [9.4, 12.63828, 0],
			"to": [10.4, 14.53828, 1],
			"rotation": {"angle": 0, "axis": "y", "origin": [8.33007, 15.85995, 0.49895]},
			"faces": {
				"north": {"uv": [0, 0, 1, 1.9], "texture": "#0"},
				"east": {"uv": [0, 0, 1, 1.9], "texture": "#0"},
				"south": {"uv": [0, 0, 1, 1.9], "texture": "#0"},
				"west": {"uv": [0, 0, 1, 1.9], "texture": "#0"},
				"up": {"uv": [0, 0, 1, 1], "texture": "#0"},
				"down": {"uv": [0, 0, 1, 1], "texture": "#0"}
			}
		},
		{
			"from": [10, 12.03828, 0],
			"to": [10.415, 12.63828, 1],
			"rotation": {"angle": 0, "axis": "y", "origin": [8.33007, 15.85995, 0.49895]},
			"faces": {
				"north": {"uv": [0, 0, 0.415, 0.6], "texture": "#0"},
				"east": {"uv": [0, 0, 1, 0.6], "texture": "#0"},
				"south": {"uv": [0, 0, 0.415, 0.6], "texture": "#0"},
				"west": {"uv": [0, 0, 1, 0.6], "texture": "#0"},
				"up": {"uv": [0, 0, 0.415, 1], "texture": "#0"},
				"down": {"uv": [0, 0, 0.415, 1], "texture": "#0"}
			}
		},
		{
			"from": [10.39691, 12.22695, 0],
			"to": [10.69691, 13.22695, 1],
			"rotation": {"angle": 0, "axis": "z", "origin": [8.33007, 15.85995, 0.49895]},
			"faces": {
				"north": {"uv": [0, 0, 1, 0.3], "rotation": 90, "texture": "#0"},
				"east": {"uv": [0, 0, 1, 1], "rotation": 270, "texture": "#0"},
				"south": {"uv": [0, 0, 1, 0.3], "rotation": 270, "texture": "#0"},
				"west": {"uv": [0, 0, 1, 1], "rotation": 270, "texture": "#0"},
				"up": {"uv": [0, 0, 1, 0.3], "rotation": 270, "texture": "#0"},
				"down": {"uv": [0, 0, 1, 0.3], "rotation": 270, "texture": "#0"}
			}
		},
		{
			"from": [9.32914, 12.52162, 0],
			"to": [9.50914, 12.97662, 1],
			"rotation": {"angle": 22.5, "axis": "z", "origin": [8.33007, 15.85995, 0.49895]},
			"faces": {
				"north": {"uv": [0, 0, 0.455, 0.18], "rotation": 90, "texture": "#0"},
				"east": {"uv": [0, 0, 0.455, 1], "rotation": 270, "texture": "#0"},
				"south": {"uv": [0, 0, 0.455, 0.18], "rotation": 270, "texture": "#0"},
				"west": {"uv": [0, 0, 0.455, 1], "rotation": 270, "texture": "#0"},
				"up": {"uv": [0, 0, 1, 0.18], "rotation": 270, "texture": "#0"},
				"down": {"uv": [0, 0, 1, 0.18], "rotation": 270, "texture": "#0"}
			}
		},
		{
			"from": [10.5, 13.63828, 0.1],
			"to": [10.7, 14.53828, 0.9],
			"rotation": {"angle": 0, "axis": "z", "origin": [8.33007, 15.85995, 0.49895]},
			"faces": {
				"north": {"uv": [0, 0, 0.9, 0.2], "rotation": 90, "texture": "#1"},
				"east": {"uv": [0, 0, 0.9, 0.8], "rotation": 270, "texture": "#1"},
				"south": {"uv": [0, 0, 0.9, 0.2], "rotation": 270, "texture": "#1"},
				"west": {"uv": [0, 0, 0.9, 0.8], "rotation": 270, "texture": "#1"},
				"up": {"uv": [0, 0, 0.8, 0.2], "rotation": 270, "texture": "#1"},
				"down": {"uv": [0, 0, 0.8, 0.2], "rotation": 270, "texture": "#1"}
			}
		},
		{
			"from": [10.65, 13.68828, 0.1],
			"to": [10.8, 14.58828, 0.9],
			"rotation": {"angle": 0, "axis": "z", "origin": [8.33007, 15.85995, 0.49895]},
			"faces": {
				"north": {"uv": [0, 0, 0.9, 0.15], "rotation": 90, "texture": "#1"},
				"east": {"uv": [0, 0, 0.9, 0.8], "rotation": 270, "texture": "#1"},
				"south": {"uv": [0, 0, 0.9, 0.15], "rotation": 270, "texture": "#1"},
				"west": {"uv": [0, 0, 0.9, 0.8], "rotation": 270, "texture": "#1"},
				"up": {"uv": [0, 0, 0.8, 0.15], "rotation": 270, "texture": "#1"},
				"down": {"uv": [0, 0, 0.8, 0.15], "rotation": 270, "texture": "#1"}
			}
		},
		{
			"from": [9.6694, 12.90046, 0.1],
			"to": [9.7694, 12.95046, 0.9],
			"rotation": {"angle": 22.5, "axis": "z", "origin": [8.33007, 15.85995, 0.49895]},
			"faces": {
				"north": {"uv": [0, 0, 0.1, 0.05], "texture": "#1"},
				"east": {"uv": [0, 0, 0.8, 0.05], "texture": "#1"},
				"south": {"uv": [0, 0, 0.1, 0.05], "texture": "#1"},
				"west": {"uv": [0, 0, 0.8, 0.05], "texture": "#1"},
				"up": {"uv": [0, 0, 0.1, 0.8], "texture": "#1"},
				"down": {"uv": [0, 0, 0.1, 0.8], "texture": "#1"}
			}
		},
		{
			"from": [8.92988, 13.29102, 0.1],
			"to": [9.13988, 13.39102, 0.9],
			"rotation": {"angle": 45, "axis": "z", "origin": [8.33007, 15.85995, 0.49895]},
			"faces": {
				"north": {"uv": [0, 0, 0.21, 0.1], "texture": "#1"},
				"east": {"uv": [0, 0, 0.8, 0.1], "texture": "#1"},
				"south": {"uv": [0, 0, 0.21, 0.1], "texture": "#1"},
				"west": {"uv": [0, 0, 0.8, 0.1], "texture": "#1"},
				"up": {"uv": [0, 0, 0.21, 0.8], "texture": "#1"},
				"down": {"uv": [0, 0, 0.21, 0.8], "texture": "#1"}
			}
		},
		{
			"from": [10, 14.53828, 0],
			"to": [10.5, 15.03828, 1],
			"rotation": {"angle": 0, "axis": "y", "origin": [8.33007, 15.85995, 0.49895]},
			"faces": {
				"north": {"uv": [0, 0, 0.5, 0.5], "texture": "#0"},
				"east": {"uv": [0, 0, 1, 0.5], "texture": "#0"},
				"south": {"uv": [0, 0, 0.5, 0.5], "texture": "#0"},
				"west": {"uv": [0, 0, 1, 0.5], "texture": "#0"},
				"up": {"uv": [0, 0, 0.5, 1], "texture": "#0"},
				"down": {"uv": [0, 0, 0.5, 1], "texture": "#0"}
			}
		},
		{
			"from": [8.92887, 13.39001, 0],
			"to": [9.53887, 13.49001, 1],
			"rotation": {"angle": 45, "axis": "z", "origin": [8.33007, 15.85995, 0.49895]},
			"faces": {
				"north": {"uv": [0, 0, 0.61, 0.1], "texture": "#0"},
				"east": {"uv": [0, 0, 1, 0.1], "texture": "#0"},
				"south": {"uv": [0, 0, 0.61, 0.1], "texture": "#0"},
				"west": {"uv": [0, 0, 1, 0.1], "texture": "#0"},
				"up": {"uv": [0, 0, 0.61, 1], "texture": "#0"},
				"down": {"uv": [0, 0, 0.61, 1], "texture": "#0"}
			}
		},
		{
			"from": [10.5, 14.96828, 0],
			"to": [10.93, 15.03828, 1],
			"rotation": {"angle": 0, "axis": "y", "origin": [8.33007, 15.85995, 0.49895]},
			"faces": {
				"north": {"uv": [0, 0, 0.43, 0.07], "texture": "#0"},
				"east": {"uv": [0, 0, 1, 0.07], "texture": "#0"},
				"south": {"uv": [0, 0, 0.43, 0.07], "texture": "#0"},
				"west": {"uv": [0, 0, 1, 0.07], "texture": "#0"},
				"up": {"uv": [0, 0, 0.43, 1], "texture": "#0"},
				"down": {"uv": [0, 0, 0.43, 1], "texture": "#0"}
			}
		},
		{
			"from": [10.5, 14.83828, 0],
			"to": [10.8, 14.96828, 1],
			"rotation": {"angle": 0, "axis": "y", "origin": [8.33007, 15.85995, 0.49895]},
			"faces": {
				"north": {"uv": [0, 0, 0.3, 0.13], "texture": "#0"},
				"east": {"uv": [0, 0, 1, 0.13], "texture": "#0"},
				"south": {"uv": [0, 0, 0.3, 0.13], "texture": "#0"},
				"west": {"uv": [0, 0, 1, 0.13], "texture": "#0"},
				"up": {"uv": [0, 0, 0.3, 1], "texture": "#0"},
				"down": {"uv": [0, 0, 0.3, 1], "texture": "#0"}
			}
		},
		{
			"from": [10.5, 14.68028, 0],
			"to": [10.66, 14.83828, 1],
			"rotation": {"angle": 0, "axis": "y", "origin": [8.33007, 15.85995, 0.49895]},
			"faces": {
				"north": {"uv": [0, 0, 0.16, 0.158], "texture": "#0"},
				"east": {"uv": [0, 0, 1, 0.158], "texture": "#0"},
				"south": {"uv": [0, 0, 0.16, 0.158], "texture": "#0"},
				"west": {"uv": [0, 0, 1, 0.158], "texture": "#0"},
				"up": {"uv": [0, 0, 0.16, 1], "texture": "#0"},
				"down": {"uv": [0, 0, 0.16, 1], "texture": "#0"}
			}
		},
		{
			"from": [8.8, 14.22828, 0.3],
			"to": [8.9, 15.03828, 0.7],
			"rotation": {"angle": 0, "axis": "y", "origin": [8.33007, 15.85995, 0.49895]},
			"faces": {
				"north": {"uv": [0, 0, 0.1, 0.81], "texture": "#1"},
				"east": {"uv": [0, 0, 0.4, 0.81], "texture": "#1"},
				"south": {"uv": [0, 0, 0.1, 0.81], "texture": "#1"},
				"west": {"uv": [0, 0, 0.4, 0.81], "texture": "#1"},
				"up": {"uv": [0, 0, 0.1, 0.4], "texture": "#1"},
				"down": {"uv": [0, 0, 0.1, 0.4], "texture": "#1"}
			}
		},
		{
			"from": [7.1, 15.03828, 0],
			"to": [11, 15.63828, 1],
			"rotation": {"angle": 0, "axis": "y", "origin": [8.33007, 15.85995, 0.49895]},
			"faces": {
				"north": {"uv": [0, 0, 3.9, 0.6], "texture": "#0"},
				"east": {"uv": [0, 0, 1, 0.6], "texture": "#0"},
				"south": {"uv": [0, 0, 3.9, 0.6], "texture": "#0"},
				"west": {"uv": [0, 0, 1, 0.6], "texture": "#0"},
				"up": {"uv": [0, 0, 3.9, 1], "texture": "#0"},
				"down": {"uv": [0, 0, 3.9, 1], "texture": "#0"}
			}
		},
		{
			"from": [7.16931, 14.30318, 0.3],
			"to": [7.57931, 14.40318, 0.7],
			"rotation": {"angle": 45, "axis": "z", "origin": [8.33007, 15.85995, 0.49895]},
			"faces": {
				"north": {"uv": [0, 0, 0.1, 0.41], "rotation": 270, "texture": "#1"},
				"east": {"uv": [0, 0, 0.1, 0.4], "rotation": 90, "texture": "#1"},
				"south": {"uv": [0, 0, 0.1, 0.41], "rotation": 90, "texture": "#1"},
				"west": {"uv": [0, 0, 0.1, 0.4], "rotation": 90, "texture": "#1"},
				"up": {"uv": [0, 0, 0.4, 0.41], "rotation": 90, "texture": "#1"},
				"down": {"uv": [0, 0, 0.4, 0.41], "rotation": 90, "texture": "#1"}
			}
		},
		{
			"from": [7.44341, 13.97748, 0.3],
			"to": [7.85341, 14.07748, 0.7],
			"rotation": {"angle": 22.5, "axis": "z", "origin": [8.33007, 15.85995, 0.49895]},
			"faces": {
				"north": {"uv": [0, 0, 0.1, 0.41], "rotation": 270, "texture": "#1"},
				"east": {"uv": [0, 0, 0.1, 0.4], "rotation": 90, "texture": "#1"},
				"south": {"uv": [0, 0, 0.1, 0.41], "rotation": 90, "texture": "#1"},
				"west": {"uv": [0, 0, 0.1, 0.4], "rotation": 90, "texture": "#1"},
				"up": {"uv": [0, 0, 0.4, 0.41], "rotation": 90, "texture": "#1"},
				"down": {"uv": [0, 0, 0.4, 0.41], "rotation": 90, "texture": "#1"}
			}
		},
		{
			"from": [7.5213, 13.78147, 0.3],
			"to": [8.2313, 13.88147, 0.7],
			"rotation": {"angle": 0, "axis": "z", "origin": [8.33007, 15.85995, 0.49895]},
			"faces": {
				"north": {"uv": [0, 0, 0.1, 0.71], "rotation": 270, "texture": "#1"},
				"east": {"uv": [0, 0, 0.1, 0.4], "rotation": 90, "texture": "#1"},
				"south": {"uv": [0, 0, 0.1, 0.71], "rotation": 90, "texture": "#1"},
				"west": {"uv": [0, 0, 0.1, 0.4], "rotation": 90, "texture": "#1"},
				"up": {"uv": [0, 0, 0.4, 0.71], "rotation": 90, "texture": "#1"},
				"down": {"uv": [0, 0, 0.4, 0.71], "rotation": 90, "texture": "#1"}
			}
		},
		{
			"from": [8.16826, 13.63018, 0.3],
			"to": [8.37826, 13.73018, 0.7],
			"rotation": {"angle": -22.5, "axis": "z", "origin": [8.33007, 15.85995, 0.49895]},
			"faces": {
				"north": {"uv": [0, 0, 0.1, 0.21], "rotation": 270, "texture": "#1"},
				"east": {"uv": [0, 0, 0.1, 0.4], "rotation": 90, "texture": "#1"},
				"south": {"uv": [0, 0, 0.1, 0.21], "rotation": 90, "texture": "#1"},
				"west": {"uv": [0, 0, 0.1, 0.4], "rotation": 90, "texture": "#1"},
				"up": {"uv": [0, 0, 0.4, 0.21], "rotation": 90, "texture": "#1"},
				"down": {"uv": [0, 0, 0.4, 0.21], "rotation": 90, "texture": "#1"}
			}
		},
		{
			"from": [8.82388, 13.73799, 0.3],
			"to": [9.03388, 13.83799, 0.7],
			"rotation": {"angle": -45, "axis": "z", "origin": [8.33007, 15.85995, 0.49895]},
			"faces": {
				"north": {"uv": [0, 0, 0.1, 0.21], "rotation": 270, "texture": "#1"},
				"east": {"uv": [0, 0, 0.1, 0.4], "rotation": 90, "texture": "#1"},
				"south": {"uv": [0, 0, 0.1, 0.21], "rotation": 90, "texture": "#1"},
				"west": {"uv": [0, 0, 0.1, 0.4], "rotation": 90, "texture": "#1"},
				"up": {"uv": [0, 0, 0.4, 0.21], "rotation": 90, "texture": "#1"},
				"down": {"uv": [0, 0, 0.4, 0.21], "rotation": 90, "texture": "#1"}
			}
		},
		{
			"from": [6.55861, 14.59169, 0.3],
			"to": [6.65861, 14.80169, 0.7],
			"rotation": {"angle": 22.5, "axis": "z", "origin": [8.33007, 15.85995, 0.49895]},
			"faces": {
				"north": {"uv": [0, 0, 0.1, 0.21], "rotation": 180, "texture": "#1"},
				"east": {"uv": [0, 0, 0.4, 0.21], "rotation": 180, "texture": "#1"},
				"south": {"uv": [0, 0, 0.1, 0.21], "rotation": 180, "texture": "#1"},
				"west": {"uv": [0, 0, 0.4, 0.21], "rotation": 180, "texture": "#1"},
				"up": {"uv": [0, 0, 0.1, 0.4], "rotation": 180, "texture": "#1"},
				"down": {"uv": [0, 0, 0.1, 0.4], "rotation": 180, "texture": "#1"}
			}
		},
		{
			"from": [7.09842, 14.20434, 0.3],
			"to": [7.19842, 15.03434, 0.7],
			"rotation": {"angle": 0, "axis": "z", "origin": [8.33007, 15.85995, 0.49895]},
			"faces": {
				"north": {"uv": [0, 0, 0.1, 0.83], "rotation": 180, "texture": "#1"},
				"east": {"uv": [0, 0, 0.4, 0.83], "rotation": 180, "texture": "#1"},
				"south": {"uv": [0, 0, 0.1, 0.83], "rotation": 180, "texture": "#1"},
				"west": {"uv": [0, 0, 0.4, 0.83], "rotation": 180, "texture": "#1"},
				"up": {"uv": [0, 0, 0.1, 0.4], "rotation": 180, "texture": "#1"},
				"down": {"uv": [0, 0, 0.1, 0.4], "rotation": 180, "texture": "#1"}
			}
		},
		{
			"from": [8.3, 14.52828, 0.3],
			"to": [8.4, 15.03828, 0.6],
			"rotation": {"angle": 0, "axis": "z", "origin": [8.33007, 15.85995, 0.49895]},
			"faces": {
				"north": {"uv": [0, 0, 0.1, 0.51], "rotation": 180, "texture": "#1"},
				"east": {"uv": [0, 0, 0.3, 0.51], "rotation": 180, "texture": "#1"},
				"south": {"uv": [0, 0, 0.1, 0.51], "rotation": 180, "texture": "#1"},
				"west": {"uv": [0, 0, 0.3, 0.51], "rotation": 180, "texture": "#1"},
				"up": {"uv": [0, 0, 0.1, 0.3], "rotation": 180, "texture": "#1"},
				"down": {"uv": [0, 0, 0.1, 0.3], "rotation": 180, "texture": "#1"}
			}
		},
		{
			"from": [8.80429, 14.34641, 0.3],
			"to": [8.90429, 14.65641, 0.6],
			"rotation": {"angle": -22.5, "axis": "z", "origin": [8.33007, 15.85995, 0.49895]},
			"faces": {
				"north": {"uv": [0, 0, 0.1, 0.31], "rotation": 180, "texture": "#1"},
				"east": {"uv": [0, 0, 0.3, 0.31], "rotation": 180, "texture": "#1"},
				"south": {"uv": [0, 0, 0.1, 0.31], "rotation": 180, "texture": "#1"},
				"west": {"uv": [0, 0, 0.3, 0.31], "rotation": 180, "texture": "#1"},
				"up": {"uv": [0, 0, 0.1, 0.3], "rotation": 180, "texture": "#1"},
				"down": {"uv": [0, 0, 0.1, 0.3], "rotation": 180, "texture": "#1"}
			}
		},
		{
			"from": [9.33978, 14.47137, 0.3],
			"to": [9.43978, 14.68137, 0.6],
			"rotation": {"angle": -45, "axis": "z", "origin": [8.33007, 15.85995, 0.49895]},
			"faces": {
				"north": {"uv": [0, 0, 0.1, 0.21], "rotation": 180, "texture": "#1"},
				"east": {"uv": [0, 0, 0.3, 0.21], "rotation": 180, "texture": "#1"},
				"south": {"uv": [0, 0, 0.1, 0.21], "rotation": 180, "texture": "#1"},
				"west": {"uv": [0, 0, 0.3, 0.21], "rotation": 180, "texture": "#1"},
				"up": {"uv": [0, 0, 0.1, 0.3], "rotation": 180, "texture": "#1"},
				"down": {"uv": [0, 0, 0.1, 0.3], "rotation": 180, "texture": "#1"}
			}
		},
		{
			"from": [8.02288, 14.09338, 0.31406],
			"to": [8.13288, 14.19338, 0.6],
			"rotation": {"angle": 0, "axis": "z", "origin": [8.33007, 15.85995, 0.49895]},
			"faces": {
				"north": {"uv": [0, 0, 0.1, 0.11], "rotation": 90, "texture": "#1"},
				"east": {"uv": [0, 0, 0.1, 0.2], "rotation": 270, "texture": "#1"},
				"south": {"uv": [0, 0, 0.1, 0.11], "rotation": 270, "texture": "#1"},
				"west": {"uv": [0, 0, 0.1, 0.2], "rotation": 270, "texture": "#1"},
				"up": {"uv": [0, 0, 0.2, 0.11], "rotation": 270, "texture": "#1"},
				"down": {"uv": [0, 0, 0.2, 0.11], "rotation": 270, "texture": "#1"}
			}
		},
		{
			"from": [7.4, 15.83828, -0.1],
			"to": [11.1, 16.13828, 1.1],
			"rotation": {"angle": 0, "axis": "y", "origin": [8.33007, 15.85995, 0.49895]},
			"faces": {
				"north": {"uv": [0, 0, 3.7, 0.3], "texture": "#0"},
				"east": {"uv": [0, 0, 1.2, 0.3], "texture": "#0"},
				"south": {"uv": [0, 0, 3.7, 0.3], "texture": "#0"},
				"west": {"uv": [0, 0, 1.2, 0.3], "texture": "#0"},
				"up": {"uv": [0, 0, 3.7, 1.2], "texture": "#0"},
				"down": {"uv": [0, 0, 3.7, 1.2], "texture": "#0"}
			}
		},
		{
			"from": [7.4, 16.23828, -0.1],
			"to": [11.1, 16.53828, 1.1],
			"rotation": {"angle": 0, "axis": "y", "origin": [8.33007, 15.85995, 0.49895]},
			"faces": {
				"north": {"uv": [0, 0, 3.7, 0.3], "texture": "#0"},
				"east": {"uv": [0, 0, 1.2, 0.3], "texture": "#0"},
				"south": {"uv": [0, 0, 3.7, 0.3], "texture": "#0"},
				"west": {"uv": [0, 0, 1.2, 0.3], "texture": "#0"},
				"up": {"uv": [0, 0, 3.7, 1.2], "texture": "#0"},
				"down": {"uv": [0, 0, 3.7, 1.2], "texture": "#0"}
			}
		},
		{
			"from": [11.4, 16.23828, -0.1],
			"to": [12.8, 16.43828, 1.1],
			"rotation": {"angle": 0, "axis": "y", "origin": [8.33007, 15.85995, 0.49895]},
			"faces": {
				"north": {"uv": [0, 0, 1.4, 0.2], "texture": "#0"},
				"east": {"uv": [0, 0, 1.2, 0.2], "texture": "#0"},
				"south": {"uv": [0, 0, 1.4, 0.2], "texture": "#0"},
				"west": {"uv": [0, 0, 1.2, 0.2], "texture": "#0"},
				"up": {"uv": [0, 0, 1.4, 1.2], "texture": "#0"},
				"down": {"uv": [0, 0, 1.4, 1.2], "texture": "#0"}
			}
		},
		{
			"from": [7.1, 15.63828, 0],
			"to": [13.2, 16.63828, 1],
			"rotation": {"angle": 0, "axis": "y", "origin": [8.33007, 15.85995, 0.49895]},
			"faces": {
				"north": {"uv": [0, 0, 6.1, 1], "texture": "#0"},
				"east": {"uv": [0, 0, 1, 1], "texture": "#0"},
				"south": {"uv": [0, 0, 6.1, 1], "texture": "#0"},
				"west": {"uv": [0, 0, 1, 1], "texture": "#0"},
				"up": {"uv": [0, 0, 6.1, 1], "texture": "#0"},
				"down": {"uv": [0, 0, 6.1, 1], "texture": "#0"}
			}
		},
		{
			"from": [11.9, 16.63828, 0],
			"to": [13.2, 16.93828, 1],
			"rotation": {"angle": 0, "axis": "y", "origin": [8.33007, 15.85995, 0.49895]},
			"faces": {
				"north": {"uv": [0, 0, 1.3, 0.3], "texture": "#0"},
				"east": {"uv": [0, 0, 1, 0.3], "texture": "#0"},
				"south": {"uv": [0, 0, 1.3, 0.3], "texture": "#0"},
				"west": {"uv": [0, 0, 1, 0.3], "texture": "#0"},
				"up": {"uv": [0, 0, 1.3, 1], "texture": "#0"},
				"down": {"uv": [0, 0, 1.3, 1], "texture": "#0"}
			}
		},
		{
			"from": [11.9, 16.93828, 0],
			"to": [13.1, 17.43828, 1],
			"rotation": {"angle": 0, "axis": "y", "origin": [8.33007, 15.85995, 0.49895]},
			"faces": {
				"north": {"uv": [0, 0, 1.2, 0.5], "texture": "#0"},
				"east": {"uv": [0, 0, 1, 0.5], "texture": "#0"},
				"south": {"uv": [0, 0, 1.2, 0.5], "texture": "#0"},
				"west": {"uv": [0, 0, 1, 0.5], "texture": "#0"},
				"up": {"uv": [0, 0, 1.2, 1], "texture": "#0"},
				"down": {"uv": [0, 0, 1.2, 1], "texture": "#0"}
			}
		},
		{
			"from": [12.6018, 16.00506, 0.19922],
			"to": [12.8018, 16.10506, 0.76563],
			"rotation": {"angle": 22.5, "axis": "z", "origin": [8.33007, 15.85995, 0.49895]},
			"faces": {
				"north": {"uv": [0, 0, 0.2, 0.1], "texture": "#0"},
				"east": {"uv": [0, 0, 1, 0.1], "texture": "#0"},
				"south": {"uv": [0, 0, 0.2, 0.1], "texture": "#0"},
				"west": {"uv": [0, 0, 1, 0.1], "texture": "#0"},
				"up": {"uv": [0, 0, 0.2, 1], "texture": "#0"},
				"down": {"uv": [0, 0, 0.2, 1], "texture": "#0"}
			}
		},
		{
			"from": [10.18687, 20.24885, 0],
			"to": [10.58687, 20.34885, 1],
			"rotation": {"angle": -45, "axis": "z", "origin": [8.33007, 15.85995, 0.49895]},
			"faces": {
				"north": {"uv": [0, 0, 0.4, 0.1], "texture": "#0"},
				"east": {"uv": [0, 0, 1, 0.1], "texture": "#0"},
				"south": {"uv": [0, 0, 0.4, 0.1], "texture": "#0"},
				"west": {"uv": [0, 0, 1, 0.1], "texture": "#0"},
				"up": {"uv": [0, 0, 0.4, 1], "texture": "#0"},
				"down": {"uv": [0, 0, 0.4, 1], "texture": "#0"}
			}
		},
		{
			"from": [11.56336, 19.19659, 0.23438],
			"to": [11.76336, 19.29659, 0.77344],
			"rotation": {"angle": -22.5, "axis": "z", "origin": [8.33007, 15.85995, 0.49895]},
			"faces": {
				"north": {"uv": [0, 0, 0.2, 0.1], "texture": "#0"},
				"east": {"uv": [0, 0, 1, 0.1], "texture": "#0"},
				"south": {"uv": [0, 0, 0.2, 0.1], "texture": "#0"},
				"west": {"uv": [0, 0, 1, 0.1], "texture": "#0"},
				"up": {"uv": [0, 0, 0.2, 1], "texture": "#0"},
				"down": {"uv": [0, 0, 0.2, 1], "texture": "#0"}
			}
		},
		{
			"from": [12.36762, 17.69766, 0.48438],
			"to": [12.63262, 17.91876, 0.58203],
			"rotation": {"angle": 0, "axis": "z", "origin": [8.33007, 15.85995, 0.49895]},
			"faces": {
				"north": {"uv": [0, 0, 0.265, 0.1], "texture": "#0"},
				"east": {"uv": [0, 0, 1, 0.1], "texture": "#2"},
				"south": {"uv": [0, 0, 0.265, 0.1], "texture": "#0"},
				"west": {"uv": [0, 0, 1, 0.1], "texture": "#0"},
				"up": {"uv": [0, 0, 0.265, 1], "texture": "#0"},
				"down": {"uv": [0, 0, 0.265, 1], "texture": "#0"}
			}
		},
		{
			"from": [12.2, 17.59828, 0],
			"to": [12.8, 17.69828, 1],
			"rotation": {"angle": 0, "axis": "y", "origin": [8.33007, 15.85995, 0.49895]},
			"faces": {
				"north": {"uv": [0, 0, 0.6, 0.1], "texture": "#0"},
				"east": {"uv": [0, 0, 1, 0.1], "texture": "#0"},
				"south": {"uv": [0, 0, 0.6, 0.1], "texture": "#0"},
				"west": {"uv": [0, 0, 1, 0.1], "texture": "#0"},
				"up": {"uv": [0, 0, 0.6, 1], "texture": "#0"},
				"down": {"uv": [0, 0, 0.6, 1], "texture": "#0"}
			}
		},
		{
			"from": [12.06, 17.43828, 0],
			"to": [12.94, 17.59828, 1],
			"rotation": {"angle": 0, "axis": "y", "origin": [8.33007, 15.85995, 0.49895]},
			"faces": {
				"north": {"uv": [0, 0, 0.88, 0.16], "texture": "#0"},
				"east": {"uv": [0, 0, 1, 0.16], "texture": "#0"},
				"south": {"uv": [0, 0, 0.88, 0.16], "texture": "#0"},
				"west": {"uv": [0, 0, 1, 0.16], "texture": "#0"},
				"up": {"uv": [0, 0, 0.88, 1], "texture": "#0"},
				"down": {"uv": [0, 0, 0.88, 1], "texture": "#0"}
			}
		},
		{
			"from": [12.04, 17.43828, 0],
			"to": [12.06, 17.45828, 1],
			"rotation": {"angle": 0, "axis": "y", "origin": [8.33007, 15.85995, 0.49895]},
			"faces": {
				"north": {"uv": [0, 0, 0.02, 0.02], "texture": "#0"},
				"east": {"uv": [0, 0, 1, 0.02], "texture": "#0"},
				"south": {"uv": [0, 0, 0.02, 0.02], "texture": "#0"},
				"west": {"uv": [0, 0, 1, 0.02], "texture": "#0"},
				"up": {"uv": [0, 0, 0.02, 1], "texture": "#0"},
				"down": {"uv": [0, 0, 0.02, 1], "texture": "#0"}
			}
		},
		{
			"from": [12.94, 17.43828, 0],
			"to": [12.96, 17.45828, 1],
			"rotation": {"angle": 0, "axis": "y", "origin": [8.33007, 15.85995, 0.49895]},
			"faces": {
				"north": {"uv": [0, 0, 0.02, 0.02], "texture": "#0"},
				"east": {"uv": [0, 0, 1, 0.02], "texture": "#0"},
				"south": {"uv": [0, 0, 0.02, 0.02], "texture": "#0"},
				"west": {"uv": [0, 0, 1, 0.02], "texture": "#0"},
				"up": {"uv": [0, 0, 0.02, 1], "texture": "#0"},
				"down": {"uv": [0, 0, 0.02, 1], "texture": "#0"}
			}
		},
		{
			"from": [4.5, 16.63828, 0],
			"to": [11.9, 16.93828, 1],
			"rotation": {"angle": 0, "axis": "y", "origin": [8.33007, 15.85995, 0.49895]},
			"faces": {
				"north": {"uv": [0, 0, 7.4, 0.3], "texture": "#1"},
				"east": {"uv": [0, 0, 1, 0.3], "texture": "#1"},
				"south": {"uv": [0, 0, 7.4, 0.3], "texture": "#1"},
				"west": {"uv": [0, 0, 1, 0.3], "texture": "#1"},
				"up": {"uv": [0, 0, 7.4, 1], "texture": "#1"},
				"down": {"uv": [0, 0, 7.4, 1], "texture": "#1"}
			}
		},
		{
			"from": [6.8, 16.93828, 0],
			"to": [10.6, 17.03828, 1],
			"rotation": {"angle": 0, "axis": "y", "origin": [8.33007, 15.85995, 0.49895]},
			"faces": {
				"north": {"uv": [0, 0, 3.8, 0.1], "texture": "#1"},
				"east": {"uv": [0, 0, 1, 0.1], "texture": "#1"},
				"south": {"uv": [0, 0, 3.8, 0.1], "texture": "#1"},
				"west": {"uv": [0, 0, 1, 0.1], "texture": "#1"},
				"up": {"uv": [0, 0, 3.8, 1], "texture": "#1"},
				"down": {"uv": [0, 0, 3.8, 1], "texture": "#1"}
			}
		},
		{
			"from": [9.10195, 18.19824, 0],
			"to": [9.24195, 18.29824, 1],
			"rotation": {"angle": -45, "axis": "z", "origin": [8.33007, 15.85995, 0.49895]},
			"faces": {
				"north": {"uv": [0, 0, 0.14, 0.1], "texture": "#1"},
				"east": {"uv": [0, 0, 1, 0.1], "texture": "#1"},
				"south": {"uv": [0, 0, 0.14, 0.1], "texture": "#1"},
				"west": {"uv": [0, 0, 1, 0.1], "texture": "#1"},
				"up": {"uv": [0, 0, 0.14, 1], "texture": "#1"},
				"down": {"uv": [0, 0, 0.14, 1], "texture": "#1"}
			}
		},
		{
			"from": [6.41494, 15.47123, 0],
			"to": [6.51494, 15.61123, 1],
			"rotation": {"angle": -45, "axis": "z", "origin": [8.33007, 15.85995, 0.49895]},
			"faces": {
				"north": {"uv": [0, 0, 0.14, 0.1], "rotation": 270, "texture": "#1"},
				"east": {"uv": [0, 0, 0.14, 1], "rotation": 90, "texture": "#1"},
				"south": {"uv": [0, 0, 0.14, 0.1], "rotation": 90, "texture": "#1"},
				"west": {"uv": [0, 0, 0.14, 1], "rotation": 90, "texture": "#1"},
				"up": {"uv": [0, 0, 1, 0.1], "rotation": 90, "texture": "#1"},
				"down": {"uv": [0, 0, 1, 0.1], "rotation": 90, "texture": "#1"}
			}
		},
		{
			"name": "hexadecagon",
			"from": [7.6444, 17.02734, 0.58664],
			"to": [7.84332, 17.35234, 0.98664],
			"rotation": {"angle": -45, "axis": "y", "origin": [8.33007, 15.85995, 0.49895]},
			"faces": {
				"north": {"uv": [0, 0, 0.19891, 0.325], "texture": "#0"},
				"east": {"uv": [0, 0, 0.4, 0.325], "texture": "#0"},
				"south": {"uv": [0, 0, 0.19891, 0.325], "texture": "#0"},
				"west": {"uv": [0, 0, 0.4, 0.325], "texture": "#0"},
				"up": {"uv": [0, 0, 0.19891, 0.4], "texture": "#0"},
				"down": {"uv": [0, 0, 0.19891, 0.4], "texture": "#0"}
			}
		},
		{
			"name": "hexadecagon",
			"from": [7.46413, 17.02734, 0.31757],
			"to": [7.66305, 17.35234, 0.71757],
			"rotation": {"angle": -22.5, "axis": "y", "origin": [8.33007, 15.85995, 0.49895]},
			"faces": {
				"north": {"uv": [0, 0, 0.19891, 0.325], "texture": "#0"},
				"east": {"uv": [0, 0, 0.4, 0.325], "texture": "#0"},
				"south": {"uv": [0, 0, 0.19891, 0.325], "texture": "#0"},
				"west": {"uv": [0, 0, 0.4, 0.325], "texture": "#0"},
				"up": {"uv": [0, 0, 0.19891, 0.4], "texture": "#0"},
				"down": {"uv": [0, 0, 0.19891, 0.4], "texture": "#0"}
			}
		},
		{
			"name": "hexadecagon",
			"from": [7.40054, 17.02734, 0],
			"to": [7.59946, 17.35234, 0.4],
			"rotation": {"angle": 0, "axis": "y", "origin": [8.33007, 15.85995, 0.49895]},
			"faces": {
				"north": {"uv": [0, 0, 0.19891, 0.325], "texture": "#0"},
				"east": {"uv": [0, 0, 0.4, 0.325], "texture": "#0"},
				"south": {"uv": [0, 0, 0.19891, 0.325], "texture": "#0"},
				"west": {"uv": [0, 0, 0.4, 0.325], "texture": "#0"},
				"up": {"uv": [0, 0, 0.19891, 0.4], "texture": "#0"},
				"down": {"uv": [0, 0, 0.19891, 0.4], "texture": "#0"}
			}
		},
		{
			"name": "hexadecagon",
			"from": [7.46332, 17.02734, -0.31773],
			"to": [7.66224, 17.35234, 0.08227],
			"rotation": {"angle": 22.5, "axis": "y", "origin": [8.33007, 15.85995, 0.49895]},
			"faces": {
				"north": {"uv": [0, 0, 0.19891, 0.325], "texture": "#0"},
				"east": {"uv": [0, 0, 0.4, 0.325], "texture": "#0"},
				"south": {"uv": [0, 0, 0.19891, 0.325], "texture": "#0"},
				"west": {"uv": [0, 0, 0.4, 0.325], "texture": "#0"},
				"up": {"uv": [0, 0, 0.19891, 0.4], "texture": "#0"},
				"down": {"uv": [0, 0, 0.19891, 0.4], "texture": "#0"}
			}
		},
		{
			"name": "hexadecagon",
			"from": [7.64292, 17.02734, -0.58726],
			"to": [7.84184, 17.35234, -0.18726],
			"rotation": {"angle": 45, "axis": "y", "origin": [8.33007, 15.85995, 0.49895]},
			"faces": {
				"north": {"uv": [0, 0, 0.19891, 0.325], "texture": "#0"},
				"east": {"uv": [0, 0, 0.4, 0.325], "texture": "#0"},
				"south": {"uv": [0, 0, 0.19891, 0.325], "texture": "#0"},
				"west": {"uv": [0, 0, 0.4, 0.325], "texture": "#0"},
				"up": {"uv": [0, 0, 0.19891, 0.4], "texture": "#0"},
				"down": {"uv": [0, 0, 0.19891, 0.4], "texture": "#0"}
			}
		},
		{
			"name": "hexadecagon",
			"from": [7.6444, 17.02734, 1.18664],
			"to": [7.84332, 17.35234, 1.58664],
			"rotation": {"angle": -45, "axis": "y", "origin": [8.33007, 15.85995, 0.49895]},
			"faces": {
				"north": {"uv": [0, 0, 0.19891, 0.325], "texture": "#0"},
				"east": {"uv": [0, 0, 0.4, 0.325], "texture": "#0"},
				"south": {"uv": [0, 0, 0.19891, 0.325], "texture": "#0"},
				"west": {"uv": [0, 0, 0.4, 0.325], "texture": "#0"},
				"up": {"uv": [0, 0, 0.19891, 0.4], "texture": "#0"},
				"down": {"uv": [0, 0, 0.19891, 0.4], "texture": "#0"}
			}
		},
		{
			"name": "hexadecagon",
			"from": [7.46413, 17.02734, 0.91757],
			"to": [7.66305, 17.35234, 1.31757],
			"rotation": {"angle": -22.5, "axis": "y", "origin": [8.33007, 15.85995, 0.49895]},
			"faces": {
				"north": {"uv": [0, 0, 0.19891, 0.325], "texture": "#0"},
				"east": {"uv": [0, 0, 0.4, 0.325], "texture": "#0"},
				"south": {"uv": [0, 0, 0.19891, 0.325], "texture": "#0"},
				"west": {"uv": [0, 0, 0.4, 0.325], "texture": "#0"},
				"up": {"uv": [0, 0, 0.19891, 0.4], "texture": "#0"},
				"down": {"uv": [0, 0, 0.19891, 0.4], "texture": "#0"}
			}
		},
		{
			"name": "hexadecagon",
			"from": [7.40054, 17.02734, 0.6],
			"to": [7.59946, 17.35234, 1],
			"rotation": {"angle": 0, "axis": "y", "origin": [8.33007, 15.85995, 0.49895]},
			"faces": {
				"north": {"uv": [0, 0, 0.19891, 0.325], "texture": "#0"},
				"east": {"uv": [0, 0, 0.4, 0.325], "texture": "#0"},
				"south": {"uv": [0, 0, 0.19891, 0.325], "texture": "#0"},
				"west": {"uv": [0, 0, 0.4, 0.325], "texture": "#0"},
				"up": {"uv": [0, 0, 0.19891, 0.4], "texture": "#0"},
				"down": {"uv": [0, 0, 0.19891, 0.4], "texture": "#0"}
			}
		},
		{
			"name": "hexadecagon",
			"from": [7.46332, 17.02734, 0.28227],
			"to": [7.66224, 17.35234, 0.68227],
			"rotation": {"angle": 22.5, "axis": "y", "origin": [8.33007, 15.85995, 0.49895]},
			"faces": {
				"north": {"uv": [0, 0, 0.19891, 0.325], "texture": "#0"},
				"east": {"uv": [0, 0, 0.4, 0.325], "texture": "#0"},
				"south": {"uv": [0, 0, 0.19891, 0.325], "texture": "#0"},
				"west": {"uv": [0, 0, 0.4, 0.325], "texture": "#0"},
				"up": {"uv": [0, 0, 0.19891, 0.4], "texture": "#0"},
				"down": {"uv": [0, 0, 0.19891, 0.4], "texture": "#0"}
			}
		},
		{
			"name": "hexadecagon",
			"from": [7.64292, 17.02734, 0.01274],
			"to": [7.84184, 17.35234, 0.41274],
			"rotation": {"angle": 45, "axis": "y", "origin": [8.33007, 15.85995, 0.49895]},
			"faces": {
				"north": {"uv": [0, 0, 0.19891, 0.325], "texture": "#0"},
				"east": {"uv": [0, 0, 0.4, 0.325], "texture": "#0"},
				"south": {"uv": [0, 0, 0.19891, 0.325], "texture": "#0"},
				"west": {"uv": [0, 0, 0.4, 0.325], "texture": "#0"},
				"up": {"uv": [0, 0, 0.19891, 0.4], "texture": "#0"},
				"down": {"uv": [0, 0, 0.19891, 0.4], "texture": "#0"}
			}
		},
		{
			"name": "hexadecagon",
			"from": [7.06359, 17.02734, 0.71811],
			"to": [7.46359, 17.35234, 0.91703],
			"rotation": {"angle": -22.5, "axis": "y", "origin": [8.33007, 15.85995, 0.49895]},
			"faces": {
				"north": {"uv": [0, 0, 0.4, 0.325], "texture": "#0"},
				"east": {"uv": [0, 0, 0.19891, 0.325], "texture": "#0"},
				"south": {"uv": [0, 0, 0.4, 0.325], "texture": "#0"},
				"west": {"uv": [0, 0, 0.19891, 0.325], "texture": "#0"},
				"up": {"uv": [0, 0, 0.4, 0.19891], "texture": "#0"},
				"down": {"uv": [0, 0, 0.4, 0.19891], "texture": "#0"}
			}
		},
		{
			"name": "hexadecagon",
			"from": [7, 17.02734, 0.40054],
			"to": [7.4, 17.35234, 0.59946],
			"rotation": {"angle": 0, "axis": "y", "origin": [8.33007, 15.85995, 0.49895]},
			"faces": {
				"north": {"uv": [0, 0, 0.4, 0.325], "texture": "#0"},
				"east": {"uv": [0, 0, 0.19891, 0.325], "texture": "#0"},
				"south": {"uv": [0, 0, 0.4, 0.325], "texture": "#0"},
				"west": {"uv": [0, 0, 0.19891, 0.325], "texture": "#0"},
				"up": {"uv": [0, 0, 0.4, 0.19891], "texture": "#0"},
				"down": {"uv": [0, 0, 0.4, 0.19891], "texture": "#0"}
			}
		},
		{
			"name": "hexadecagon",
			"from": [7.06278, 17.02734, 0.08281],
			"to": [7.46278, 17.35234, 0.28173],
			"rotation": {"angle": 22.5, "axis": "y", "origin": [8.33007, 15.85995, 0.49895]},
			"faces": {
				"north": {"uv": [0, 0, 0.4, 0.325], "texture": "#0"},
				"east": {"uv": [0, 0, 0.19891, 0.325], "texture": "#0"},
				"south": {"uv": [0, 0, 0.4, 0.325], "texture": "#0"},
				"west": {"uv": [0, 0, 0.19891, 0.325], "texture": "#0"},
				"up": {"uv": [0, 0, 0.4, 0.19891], "texture": "#0"},
				"down": {"uv": [0, 0, 0.4, 0.19891], "texture": "#0"}
			}
		},
		{
			"name": "hexadecagon",
			"from": [7.66359, 17.02734, 0.71811],
			"to": [8.06359, 17.35234, 0.91703],
			"rotation": {"angle": -22.5, "axis": "y", "origin": [8.33007, 15.85995, 0.49895]},
			"faces": {
				"north": {"uv": [0, 0, 0.4, 0.325], "texture": "#0"},
				"east": {"uv": [0, 0, 0.19891, 0.325], "texture": "#0"},
				"south": {"uv": [0, 0, 0.4, 0.325], "texture": "#0"},
				"west": {"uv": [0, 0, 0.19891, 0.325], "texture": "#0"},
				"up": {"uv": [0, 0, 0.4, 0.19891], "texture": "#0"},
				"down": {"uv": [0, 0, 0.4, 0.19891], "texture": "#0"}
			}
		},
		{
			"name": "hexadecagon",
			"from": [7.6, 17.02734, 0.40054],
			"to": [8, 17.35234, 0.59946],
			"rotation": {"angle": 0, "axis": "y", "origin": [8.33007, 15.85995, 0.49895]},
			"faces": {
				"north": {"uv": [0, 0, 0.4, 0.325], "texture": "#0"},
				"east": {"uv": [0, 0, 0.19891, 0.325], "texture": "#0"},
				"south": {"uv": [0, 0, 0.4, 0.325], "texture": "#0"},
				"west": {"uv": [0, 0, 0.19891, 0.325], "texture": "#0"},
				"up": {"uv": [0, 0, 0.4, 0.19891], "texture": "#0"},
				"down": {"uv": [0, 0, 0.4, 0.19891], "texture": "#0"}
			}
		},
		{
			"name": "hexadecagon",
			"from": [7.66278, 17.02734, 0.08281],
			"to": [8.06278, 17.35234, 0.28173],
			"rotation": {"angle": 22.5, "axis": "y", "origin": [8.33007, 15.85995, 0.49895]},
			"faces": {
				"north": {"uv": [0, 0, 0.4, 0.325], "texture": "#0"},
				"east": {"uv": [0, 0, 0.19891, 0.325], "texture": "#0"},
				"south": {"uv": [0, 0, 0.4, 0.325], "texture": "#0"},
				"west": {"uv": [0, 0, 0.19891, 0.325], "texture": "#0"},
				"up": {"uv": [0, 0, 0.4, 0.19891], "texture": "#0"},
				"down": {"uv": [0, 0, 0.4, 0.19891], "texture": "#0"}
			}
		},
		{
			"name": "hexadecagon",
			"from": [7.66927, 17.03828, 0.71164],
			"to": [7.81845, 17.23828, 0.81164],
			"rotation": {"angle": -45, "axis": "y", "origin": [8.33007, 15.85995, 0.49895]},
			"faces": {
				"north": {"uv": [0, 0, 0.14918, 0.2], "texture": "#0"},
				"east": {"uv": [0, 0, 0.1, 0.2], "texture": "#0"},
				"south": {"uv": [0, 0, 0.14918, 0.2], "texture": "#0"},
				"west": {"uv": [0, 0, 0.1, 0.2], "texture": "#0"},
				"up": {"uv": [0, 0, 0.14918, 0.1], "texture": "#0"},
				"down": {"uv": [0, 0, 0.14918, 0.1], "texture": "#0"}
			}
		},
		{
			"name": "hexadecagon",
			"from": [7.489, 17.03828, 0.44257],
			"to": [7.63818, 17.23828, 0.54257],
			"rotation": {"angle": -22.5, "axis": "y", "origin": [8.33007, 15.85995, 0.49895]},
			"faces": {
				"north": {"uv": [0, 0, 0.14918, 0.2], "texture": "#0"},
				"east": {"uv": [0, 0, 0.1, 0.2], "texture": "#0"},
				"south": {"uv": [0, 0, 0.14918, 0.2], "texture": "#0"},
				"west": {"uv": [0, 0, 0.1, 0.2], "texture": "#0"},
				"up": {"uv": [0, 0, 0.14918, 0.1], "texture": "#0"},
				"down": {"uv": [0, 0, 0.14918, 0.1], "texture": "#0"}
			}
		},
		{
			"name": "hexadecagon",
			"from": [7.42541, 17.03828, 0.125],
			"to": [7.57459, 17.23828, 0.225],
			"rotation": {"angle": 0, "axis": "y", "origin": [8.33007, 15.85995, 0.49895]},
			"faces": {
				"north": {"uv": [0, 0, 0.14918, 0.2], "texture": "#0"},
				"east": {"uv": [0, 0, 0.1, 0.2], "texture": "#0"},
				"south": {"uv": [0, 0, 0.14918, 0.2], "texture": "#0"},
				"west": {"uv": [0, 0, 0.1, 0.2], "texture": "#0"},
				"up": {"uv": [0, 0, 0.14918, 0.1], "texture": "#0"},
				"down": {"uv": [0, 0, 0.14918, 0.1], "texture": "#0"}
			}
		},
		{
			"name": "hexadecagon",
			"from": [7.48819, 17.03828, -0.19273],
			"to": [7.63737, 17.23828, -0.09273],
			"rotation": {"angle": 22.5, "axis": "y", "origin": [8.33007, 15.85995, 0.49895]},
			"faces": {
				"north": {"uv": [0, 0, 0.14918, 0.2], "texture": "#0"},
				"east": {"uv": [0, 0, 0.1, 0.2], "texture": "#0"},
				"south": {"uv": [0, 0, 0.14918, 0.2], "texture": "#0"},
				"west": {"uv": [0, 0, 0.1, 0.2], "texture": "#0"},
				"up": {"uv": [0, 0, 0.14918, 0.1], "texture": "#0"},
				"down": {"uv": [0, 0, 0.14918, 0.1], "texture": "#0"}
			}
		},
		{
			"name": "hexadecagon",
			"from": [7.66779, 17.03828, -0.46226],
			"to": [7.81697, 17.23828, -0.36226],
			"rotation": {"angle": 45, "axis": "y", "origin": [8.33007, 15.85995, 0.49895]},
			"faces": {
				"north": {"uv": [0, 0, 0.14918, 0.2], "texture": "#0"},
				"east": {"uv": [0, 0, 0.1, 0.2], "texture": "#0"},
				"south": {"uv": [0, 0, 0.14918, 0.2], "texture": "#0"},
				"west": {"uv": [0, 0, 0.1, 0.2], "texture": "#0"},
				"up": {"uv": [0, 0, 0.14918, 0.1], "texture": "#0"},
				"down": {"uv": [0, 0, 0.14918, 0.1], "texture": "#0"}
			}
		},
		{
			"name": "hexadecagon",
			"from": [7.66927, 17.03828, 1.36164],
			"to": [7.81845, 17.23828, 1.46164],
			"rotation": {"angle": -45, "axis": "y", "origin": [8.33007, 15.85995, 0.49895]},
			"faces": {
				"north": {"uv": [0, 0, 0.14918, 0.2], "texture": "#0"},
				"east": {"uv": [0, 0, 0.1, 0.2], "texture": "#0"},
				"south": {"uv": [0, 0, 0.14918, 0.2], "texture": "#0"},
				"west": {"uv": [0, 0, 0.1, 0.2], "texture": "#0"},
				"up": {"uv": [0, 0, 0.14918, 0.1], "texture": "#0"},
				"down": {"uv": [0, 0, 0.14918, 0.1], "texture": "#0"}
			}
		},
		{
			"name": "hexadecagon",
			"from": [7.489, 17.03828, 1.09257],
			"to": [7.63818, 17.23828, 1.19257],
			"rotation": {"angle": -22.5, "axis": "y", "origin": [8.33007, 15.85995, 0.49895]},
			"faces": {
				"north": {"uv": [0, 0, 0.14918, 0.2], "texture": "#0"},
				"east": {"uv": [0, 0, 0.1, 0.2], "texture": "#0"},
				"south": {"uv": [0, 0, 0.14918, 0.2], "texture": "#0"},
				"west": {"uv": [0, 0, 0.1, 0.2], "texture": "#0"},
				"up": {"uv": [0, 0, 0.14918, 0.1], "texture": "#0"},
				"down": {"uv": [0, 0, 0.14918, 0.1], "texture": "#0"}
			}
		},
		{
			"name": "hexadecagon",
			"from": [7.42541, 17.03828, 0.775],
			"to": [7.57459, 17.23828, 0.875],
			"rotation": {"angle": 0, "axis": "y", "origin": [8.33007, 15.85995, 0.49895]},
			"faces": {
				"north": {"uv": [0, 0, 0.14918, 0.2], "texture": "#0"},
				"east": {"uv": [0, 0, 0.1, 0.2], "texture": "#0"},
				"south": {"uv": [0, 0, 0.14918, 0.2], "texture": "#0"},
				"west": {"uv": [0, 0, 0.1, 0.2], "texture": "#0"},
				"up": {"uv": [0, 0, 0.14918, 0.1], "texture": "#0"},
				"down": {"uv": [0, 0, 0.14918, 0.1], "texture": "#0"}
			}
		},
		{
			"name": "hexadecagon",
			"from": [7.48819, 17.03828, 0.45727],
			"to": [7.63737, 17.23828, 0.55727],
			"rotation": {"angle": 22.5, "axis": "y", "origin": [8.33007, 15.85995, 0.49895]},
			"faces": {
				"north": {"uv": [0, 0, 0.14918, 0.2], "texture": "#0"},
				"east": {"uv": [0, 0, 0.1, 0.2], "texture": "#0"},
				"south": {"uv": [0, 0, 0.14918, 0.2], "texture": "#0"},
				"west": {"uv": [0, 0, 0.1, 0.2], "texture": "#0"},
				"up": {"uv": [0, 0, 0.14918, 0.1], "texture": "#0"},
				"down": {"uv": [0, 0, 0.14918, 0.1], "texture": "#0"}
			}
		},
		{
			"name": "hexadecagon",
			"from": [7.66779, 17.03828, 0.18774],
			"to": [7.81697, 17.23828, 0.28774],
			"rotation": {"angle": 45, "axis": "y", "origin": [8.33007, 15.85995, 0.49895]},
			"faces": {
				"north": {"uv": [0, 0, 0.14918, 0.2], "texture": "#0"},
				"east": {"uv": [0, 0, 0.1, 0.2], "texture": "#0"},
				"south": {"uv": [0, 0, 0.14918, 0.2], "texture": "#0"},
				"west": {"uv": [0, 0, 0.1, 0.2], "texture": "#0"},
				"up": {"uv": [0, 0, 0.14918, 0.1], "texture": "#0"},
				"down": {"uv": [0, 0, 0.14918, 0.1], "texture": "#0"}
			}
		},
		{
			"name": "hexadecagon",
			"from": [7.18859, 17.03828, 0.74298],
			"to": [7.28859, 17.23828, 0.89216],
			"rotation": {"angle": -22.5, "axis": "y", "origin": [8.33007, 15.85995, 0.49895]},
			"faces": {
				"north": {"uv": [0, 0, 0.1, 0.2], "texture": "#0"},
				"east": {"uv": [0, 0, 0.14918, 0.2], "texture": "#0"},
				"south": {"uv": [0, 0, 0.1, 0.2], "texture": "#0"},
				"west": {"uv": [0, 0, 0.14918, 0.2], "texture": "#0"},
				"up": {"uv": [0, 0, 0.1, 0.14918], "texture": "#0"},
				"down": {"uv": [0, 0, 0.1, 0.14918], "texture": "#0"}
			}
		},
		{
			"name": "hexadecagon",
			"from": [7.125, 17.03828, 0.42541],
			"to": [7.225, 17.23828, 0.57459],
			"rotation": {"angle": 0, "axis": "y", "origin": [8.33007, 15.85995, 0.49895]},
			"faces": {
				"north": {"uv": [0, 0, 0.1, 0.2], "texture": "#0"},
				"east": {"uv": [0, 0, 0.14918, 0.2], "texture": "#0"},
				"south": {"uv": [0, 0, 0.1, 0.2], "texture": "#0"},
				"west": {"uv": [0, 0, 0.14918, 0.2], "texture": "#0"},
				"up": {"uv": [0, 0, 0.1, 0.14918], "texture": "#0"},
				"down": {"uv": [0, 0, 0.1, 0.14918], "texture": "#0"}
			}
		},
		{
			"name": "hexadecagon",
			"from": [7.18778, 17.03828, 0.10768],
			"to": [7.28778, 17.23828, 0.25686],
			"rotation": {"angle": 22.5, "axis": "y", "origin": [8.33007, 15.85995, 0.49895]},
			"faces": {
				"north": {"uv": [0, 0, 0.1, 0.2], "texture": "#0"},
				"east": {"uv": [0, 0, 0.14918, 0.2], "texture": "#0"},
				"south": {"uv": [0, 0, 0.1, 0.2], "texture": "#0"},
				"west": {"uv": [0, 0, 0.14918, 0.2], "texture": "#0"},
				"up": {"uv": [0, 0, 0.1, 0.14918], "texture": "#0"},
				"down": {"uv": [0, 0, 0.1, 0.14918], "texture": "#0"}
			}
		},
		{
			"name": "hexadecagon",
			"from": [7.83859, 17.03828, 0.74298],
			"to": [7.93859, 17.23828, 0.89216],
			"rotation": {"angle": -22.5, "axis": "y", "origin": [8.33007, 15.85995, 0.49895]},
			"faces": {
				"north": {"uv": [0, 0, 0.1, 0.2], "texture": "#0"},
				"east": {"uv": [0, 0, 0.14918, 0.2], "texture": "#0"},
				"south": {"uv": [0, 0, 0.1, 0.2], "texture": "#0"},
				"west": {"uv": [0, 0, 0.14918, 0.2], "texture": "#0"},
				"up": {"uv": [0, 0, 0.1, 0.14918], "texture": "#0"},
				"down": {"uv": [0, 0, 0.1, 0.14918], "texture": "#0"}
			}
		},
		{
			"name": "hexadecagon",
			"from": [7.775, 17.03828, 0.42541],
			"to": [7.875, 17.23828, 0.57459],
			"rotation": {"angle": 0, "axis": "y", "origin": [8.33007, 15.85995, 0.49895]},
			"faces": {
				"north": {"uv": [0, 0, 0.1, 0.2], "texture": "#0"},
				"east": {"uv": [0, 0, 0.14918, 0.2], "texture": "#0"},
				"south": {"uv": [0, 0, 0.1, 0.2], "texture": "#0"},
				"west": {"uv": [0, 0, 0.14918, 0.2], "texture": "#0"},
				"up": {"uv": [0, 0, 0.1, 0.14918], "texture": "#0"},
				"down": {"uv": [0, 0, 0.1, 0.14918], "texture": "#0"}
			}
		},
		{
			"name": "hexadecagon",
			"from": [7.83778, 17.03828, 0.10768],
			"to": [7.93778, 17.23828, 0.25686],
			"rotation": {"angle": 22.5, "axis": "y", "origin": [8.33007, 15.85995, 0.49895]},
			"faces": {
				"north": {"uv": [0, 0, 0.1, 0.2], "texture": "#0"},
				"east": {"uv": [0, 0, 0.14918, 0.2], "texture": "#0"},
				"south": {"uv": [0, 0, 0.1, 0.2], "texture": "#0"},
				"west": {"uv": [0, 0, 0.14918, 0.2], "texture": "#0"},
				"up": {"uv": [0, 0, 0.1, 0.14918], "texture": "#0"},
				"down": {"uv": [0, 0, 0.1, 0.14918], "texture": "#0"}
			}
		},
		{
			"from": [10.79978, 16.66725, 0.1],
			"to": [10.97578, 16.70725, 0.9],
			"rotation": {"angle": -45, "axis": "z", "origin": [8.33007, 15.85995, 0.49895]},
			"faces": {
				"north": {"uv": [0, 0, 0.176, 0.04], "texture": "#1"},
				"east": {"uv": [0, 0, 0.8, 0.04], "texture": "#1"},
				"south": {"uv": [0, 0, 0.176, 0.04], "texture": "#1"},
				"west": {"uv": [0, 0, 0.8, 0.04], "texture": "#1"},
				"up": {"uv": [0, 0, 0.176, 0.8], "texture": "#1"},
				"down": {"uv": [0, 0, 0.176, 0.8], "texture": "#1"}
			}
		},
		{
			"from": [10.691, 14.58828, 0.1],
			"to": [10.743, 14.61428, 0.9],
			"rotation": {"angle": 0, "axis": "z", "origin": [8.33007, 15.85995, 0.49895]},
			"faces": {
				"north": {"uv": [0, 0, 0.052, 0.026], "texture": "#1"},
				"east": {"uv": [0, 0, 0.8, 0.026], "texture": "#1"},
				"south": {"uv": [0, 0, 0.052, 0.026], "texture": "#1"},
				"west": {"uv": [0, 0, 0.8, 0.026], "texture": "#1"},
				"up": {"uv": [0, 0, 0.052, 0.8], "texture": "#1"},
				"down": {"uv": [0, 0, 0.052, 0.8], "texture": "#1"}
			}
		},
		{
			"from": [4.4, 16.33828, 0],
			"to": [7.1, 16.63828, 1],
			"rotation": {"angle": 0, "axis": "y", "origin": [8.33007, 15.85995, 0.49895]},
			"faces": {
				"north": {"uv": [0, 0, 2.7, 0.3], "texture": "#1"},
				"east": {"uv": [0, 0, 1, 0.3], "texture": "#1"},
				"south": {"uv": [0, 0, 2.7, 0.3], "texture": "#1"},
				"west": {"uv": [0, 0, 1, 0.3], "texture": "#1"},
				"up": {"uv": [0, 0, 2.7, 1], "texture": "#1"},
				"down": {"uv": [0, 0, 2.7, 1], "texture": "#1"}
			}
		},
		{
			"from": [4.3, 16.33828, 0],
			"to": [4.4, 16.83828, 1],
			"rotation": {"angle": 0, "axis": "y", "origin": [8.33007, 15.85995, 0.49895]},
			"faces": {
				"north": {"uv": [0, 0, 0.1, 0.5], "texture": "#1"},
				"east": {"uv": [0, 0, 1, 0.5], "texture": "#1"},
				"south": {"uv": [0, 0, 0.1, 0.5], "texture": "#1"},
				"west": {"uv": [0, 0, 1, 0.5], "texture": "#1"},
				"up": {"uv": [0, 0, 0.1, 1], "texture": "#1"},
				"down": {"uv": [0, 0, 0.1, 1], "texture": "#1"}
			}
		},
		{
			"from": [4.4, 16.63828, 0],
			"to": [4.5, 16.93828, 1],
			"rotation": {"angle": 0, "axis": "y", "origin": [8.33007, 15.85995, 0.49895]},
			"faces": {
				"north": {"uv": [0, 0, 0.1, 0.3], "texture": "#1"},
				"east": {"uv": [0, 0, 1, 0.3], "texture": "#1"},
				"south": {"uv": [0, 0, 0.1, 0.3], "texture": "#1"},
				"west": {"uv": [0, 0, 1, 0.3], "texture": "#1"},
				"up": {"uv": [0, 0, 0.1, 1], "texture": "#1"},
				"down": {"uv": [0, 0, 0.1, 1], "texture": "#1"}
			}
		},
		{
			"from": [11.97043, 14.35168, 0],
			"to": [12.37043, 14.45168, 1],
			"rotation": {"angle": 45, "axis": "z", "origin": [8.33007, 15.85995, 0.49895]},
			"faces": {
				"north": {"uv": [0, 0, 0.4, 0.1], "texture": "#0"},
				"east": {"uv": [0, 0, 1, 0.1], "texture": "#0"},
				"south": {"uv": [0, 0, 0.4, 0.1], "texture": "#0"},
				"west": {"uv": [0, 0, 1, 0.1], "texture": "#0"},
				"up": {"uv": [0, 0, 0.4, 1], "texture": "#0"},
				"down": {"uv": [0, 0, 0.4, 1], "texture": "#0"}
			}
		},
		{
			"from": [4.6, 16.93828, 0],
			"to": [5.5, 17.23828, 1],
			"rotation": {"angle": 0, "axis": "y", "origin": [8.33007, 15.85995, 0.49895]},
			"faces": {
				"north": {"uv": [0, 0, 0.9, 0.3], "texture": "#0"},
				"east": {"uv": [0, 0, 1, 0.3], "texture": "#0"},
				"south": {"uv": [0, 0, 0.9, 0.3], "texture": "#0"},
				"west": {"uv": [0, 0, 1, 0.3], "texture": "#0"},
				"up": {"uv": [0, 0, 0.9, 1], "texture": "#0"},
				"down": {"uv": [0, 0, 0.9, 1], "texture": "#0"}
			}
		},
		{
			"from": [4.90452, 17.38868, 0.66797],
			"to": [5.19552, 17.53946, 1],
			"rotation": {"angle": 0, "axis": "z", "origin": [8.33007, 15.85995, 0.49895]},
			"faces": {
				"north": {"uv": [0, 0, 0.291, 0.1], "texture": "#0"},
				"east": {"uv": [0, 0, 1, 0.1], "texture": "#2"},
				"south": {"uv": [0, 0, 0.291, 0.1], "texture": "#0"},
				"west": {"uv": [0, 0, 1, 0.1], "texture": "#0"},
				"up": {"uv": [0, 0, 0.291, 1], "texture": "#0"},
				"down": {"uv": [0, 0, 0.291, 1], "texture": "#0"}
			}
		},
		{
			"from": [4.90452, 17.38868, 0.02344],
			"to": [5.19552, 17.53946, 0.35547],
			"rotation": {"angle": 0, "axis": "y", "origin": [8.33007, 15.85995, 0.49895]},
			"faces": {
				"north": {"uv": [0, 0, 0.291, 0.1], "texture": "#0"},
				"east": {"uv": [0, 0, 1, 0.1], "texture": "#2"},
				"south": {"uv": [0, 0, 0.291, 0.1], "texture": "#0"},
				"west": {"uv": [0, 0, 1, 0.1], "texture": "#0"},
				"up": {"uv": [0, 0, 0.291, 1], "texture": "#0"},
				"down": {"uv": [0, 0, 0.291, 1], "texture": "#0"}
			}
		},
		{
			"from": [4.8504, 17.23828, 0],
			"to": [5.2495, 17.39827, 1],
			"rotation": {"angle": 0, "axis": "z", "origin": [8.33007, 15.85995, 0.49895]},
			"faces": {
				"north": {"uv": [0, 0, 0.3991, 0.15999], "texture": "#0"},
				"east": {"uv": [0, 0, 1, 0.15999], "texture": "#0"},
				"south": {"uv": [0, 0, 0.3991, 0.15999], "texture": "#0"},
				"west": {"uv": [0, 0, 1, 0.15999], "texture": "#0"},
				"up": {"uv": [0, 0, 0.3991, 1], "texture": "#0"},
				"down": {"uv": [0, 0, 0.3991, 1], "texture": "#0"}
			}
		},
		{
			"from": [10.4, 13.22828, 0],
			"to": [10.5, 14.53828, 1],
			"rotation": {"angle": 0, "axis": "y", "origin": [8.33007, 15.85995, 0.49895]},
			"faces": {
				"north": {"uv": [0, 0, 0.1, 1.31], "texture": "#0"},
				"east": {"uv": [0, 0, 1, 1.31], "texture": "#0"},
				"south": {"uv": [0, 0, 0.1, 1.31], "texture": "#0"},
				"west": {"uv": [0, 0, 1, 1.31], "texture": "#0"},
				"up": {"uv": [0, 0, 0.1, 1], "texture": "#0"},
				"down": {"uv": [0, 0, 0.1, 1], "texture": "#0"}
			}
		},
		{
			"name": "hexadecagon",
			"from": [4.3, 15.624, -0.33634],
			"to": [7.1, 15.92236, 1.16366],
			"rotation": {"angle": -45, "axis": "x", "origin": [8.33007, 15.85995, 0.49895]},
			"faces": {
				"north": {"uv": [0, 0, 2.8, 0.29837], "texture": "#1"},
				"east": {"uv": [0, 0, 1.5, 0.29837], "texture": "#1"},
				"south": {"uv": [0, 0, 2.8, 0.29837], "texture": "#1"},
				"west": {"uv": [0, 0, 1.5, 0.29837], "texture": "#1"},
				"up": {"uv": [0, 0, 2.8, 1.5], "texture": "#1"},
				"down": {"uv": [0, 0, 2.8, 1.5], "texture": "#1"}
			}
		},
		{
			"name": "hexadecagon",
			"from": [4.3, 15.59796, -0.29664],
			"to": [7.1, 15.89632, 1.20336],
			"rotation": {"angle": -22.5, "axis": "x", "origin": [8.33007, 15.85995, 0.49895]},
			"faces": {
				"north": {"uv": [0, 0, 2.8, 0.29837], "texture": "#1"},
				"east": {"uv": [0, 0, 1.5, 0.29837], "texture": "#1"},
				"south": {"uv": [0, 0, 2.8, 0.29837], "texture": "#1"},
				"west": {"uv": [0, 0, 1.5, 0.29837], "texture": "#1"},
				"up": {"uv": [0, 0, 2.8, 1.5], "texture": "#1"},
				"down": {"uv": [0, 0, 2.8, 1.5], "texture": "#1"}
			}
		},
		{
			"name": "hexadecagon",
			"from": [4.3, 15.5891, -0.25],
			"to": [7.1, 15.88746, 1.25],
			"rotation": {"angle": 0, "axis": "x", "origin": [8.33007, 15.85995, 0.49895]},
			"faces": {
				"north": {"uv": [0, 0, 2.8, 0.29837], "texture": "#1"},
				"east": {"uv": [0, 0, 1.5, 0.29837], "texture": "#1"},
				"south": {"uv": [0, 0, 2.8, 0.29837], "texture": "#1"},
				"west": {"uv": [0, 0, 1.5, 0.29837], "texture": "#1"},
				"up": {"uv": [0, 0, 2.8, 1.5], "texture": "#1"},
				"down": {"uv": [0, 0, 2.8, 1.5], "texture": "#1"}
			}
		},
		{
			"name": "hexadecagon",
			"from": [4.3, 15.59876, -0.20352],
			"to": [7.1, 15.89712, 1.29648],
			"rotation": {"angle": 22.5, "axis": "x", "origin": [8.33007, 15.85995, 0.49895]},
			"faces": {
				"north": {"uv": [0, 0, 2.8, 0.29837], "texture": "#1"},
				"east": {"uv": [0, 0, 1.5, 0.29837], "texture": "#1"},
				"south": {"uv": [0, 0, 2.8, 0.29837], "texture": "#1"},
				"west": {"uv": [0, 0, 1.5, 0.29837], "texture": "#1"},
				"up": {"uv": [0, 0, 2.8, 1.5], "texture": "#1"},
				"down": {"uv": [0, 0, 2.8, 1.5], "texture": "#1"}
			}
		},
		{
			"name": "hexadecagon",
			"from": [4.3, 15.62548, -0.16427],
			"to": [7.1, 15.92384, 1.33573],
			"rotation": {"angle": 45, "axis": "x", "origin": [8.33007, 15.85995, 0.49895]},
			"faces": {
				"north": {"uv": [0, 0, 2.8, 0.29837], "texture": "#1"},
				"east": {"uv": [0, 0, 1.5, 0.29837], "texture": "#1"},
				"south": {"uv": [0, 0, 2.8, 0.29837], "texture": "#1"},
				"west": {"uv": [0, 0, 1.5, 0.29837], "texture": "#1"},
				"up": {"uv": [0, 0, 2.8, 1.5], "texture": "#1"},
				"down": {"uv": [0, 0, 2.8, 1.5], "texture": "#1"}
			}
		},
		{
			"name": "hexadecagon",
			"from": [4.3, 14.99714, 0.30418],
			"to": [7.1, 16.49714, 0.60254],
			"rotation": {"angle": -22.5, "axis": "x", "origin": [8.33007, 15.85995, 0.49895]},
			"faces": {
				"north": {"uv": [0, 0, 2.8, 1.5], "texture": "#1"},
				"east": {"uv": [0, 0, 0.29837, 1.5], "texture": "#1"},
				"south": {"uv": [0, 0, 2.8, 1.5], "texture": "#1"},
				"west": {"uv": [0, 0, 0.29837, 1.5], "texture": "#1"},
				"up": {"uv": [0, 0, 2.8, 0.29837], "texture": "#1"},
				"down": {"uv": [0, 0, 2.8, 0.29837], "texture": "#1"}
			}
		},
		{
			"name": "hexadecagon",
			"from": [4.3, 14.98828, 0.35082],
			"to": [7.1, 16.28828, 0.64918],
			"rotation": {"angle": 0, "axis": "x", "origin": [8.33007, 15.85995, 0.49895]},
			"faces": {
				"north": {"uv": [0, 0, 2.8, 1.3], "texture": "#1"},
				"east": {"uv": [0, 0, 0.29837, 1.3], "texture": "#1"},
				"south": {"uv": [0, 0, 2.8, 1.3], "texture": "#1"},
				"west": {"uv": [0, 0, 0.29837, 1.3], "texture": "#1"},
				"up": {"uv": [0, 0, 2.8, 0.29837], "texture": "#1"},
				"down": {"uv": [0, 0, 2.8, 0.29837], "texture": "#1"}
			}
		},
		{
			"name": "hexadecagon",
			"from": [4.3, 14.99794, 0.3973],
			"to": [7.1, 16.49794, 0.69566],
			"rotation": {"angle": 22.5, "axis": "x", "origin": [8.33007, 15.85995, 0.49895]},
			"faces": {
				"north": {"uv": [0, 0, 2.8, 1.5], "texture": "#1"},
				"east": {"uv": [0, 0, 0.29837, 1.5], "texture": "#1"},
				"south": {"uv": [0, 0, 2.8, 1.5], "texture": "#1"},
				"west": {"uv": [0, 0, 0.29837, 1.5], "texture": "#1"},
				"up": {"uv": [0, 0, 2.8, 0.29837], "texture": "#1"},
				"down": {"uv": [0, 0, 2.8, 0.29837], "texture": "#1"}
			}
		},
		{
			"name": "hexadecagon",
			"from": [3.45, 15.81514, 0.05508],
			"to": [4.35, 16.01406, 1.05508],
			"rotation": {"angle": -45, "axis": "x", "origin": [8.33007, 15.85995, 0.49895]},
			"faces": {
				"north": {"uv": [0, 0, 0.9, 0.19891], "texture": "#1"},
				"east": {"uv": [0, 0, 1, 0.19891], "texture": "#1"},
				"south": {"uv": [0, 0, 0.9, 0.19891], "texture": "#1"},
				"west": {"uv": [0, 0, 1, 0.19891], "texture": "#1"},
				"up": {"uv": [0, 0, 0.9, 1], "texture": "#1"},
				"down": {"uv": [0, 0, 0.9, 1], "texture": "#1"}
			}
		},
		{
			"name": "hexadecagon",
			"from": [3.45, 15.83246, 0.0299],
			"to": [4.35, 16.03138, 1.0299],
			"rotation": {"angle": -22.5, "axis": "x", "origin": [8.33007, 15.85995, 0.49895]},
			"faces": {
				"north": {"uv": [0, 0, 0.9, 0.19891], "texture": "#1"},
				"east": {"uv": [0, 0, 1, 0.19891], "texture": "#1"},
				"south": {"uv": [0, 0, 0.9, 0.19891], "texture": "#1"},
				"west": {"uv": [0, 0, 1, 0.19891], "texture": "#1"},
				"up": {"uv": [0, 0, 0.9, 1], "texture": "#1"},
				"down": {"uv": [0, 0, 0.9, 1], "texture": "#1"}
			}
		},
		{
			"name": "hexadecagon",
			"from": [3.45, 15.83882, 0],
			"to": [4.35, 16.03774, 1],
			"rotation": {"angle": 0, "axis": "x", "origin": [8.33007, 15.85995, 0.49895]},
			"faces": {
				"north": {"uv": [0, 0, 0.9, 0.19891], "texture": "#1"},
				"east": {"uv": [0, 0, 1, 0.19891], "texture": "#1"},
				"south": {"uv": [0, 0, 0.9, 0.19891], "texture": "#1"},
				"west": {"uv": [0, 0, 1, 0.19891], "texture": "#1"},
				"up": {"uv": [0, 0, 0.9, 1], "texture": "#1"},
				"down": {"uv": [0, 0, 0.9, 1], "texture": "#1"}
			}
		},
		{
			"name": "hexadecagon",
			"from": [3.45, 15.83326, -0.03005],
			"to": [4.35, 16.03218, 0.96995],
			"rotation": {"angle": 22.5, "axis": "x", "origin": [8.33007, 15.85995, 0.49895]},
			"faces": {
				"north": {"uv": [0, 0, 0.9, 0.19891], "texture": "#1"},
				"east": {"uv": [0, 0, 1, 0.19891], "texture": "#1"},
				"south": {"uv": [0, 0, 0.9, 0.19891], "texture": "#1"},
				"west": {"uv": [0, 0, 1, 0.19891], "texture": "#1"},
				"up": {"uv": [0, 0, 0.9, 1], "texture": "#1"},
				"down": {"uv": [0, 0, 0.9, 1], "texture": "#1"}
			}
		},
		{
			"name": "hexadecagon",
			"from": [3.45, 15.81662, -0.05569],
			"to": [4.35, 16.01554, 0.94431],
			"rotation": {"angle": 45, "axis": "x", "origin": [8.33007, 15.85995, 0.49895]},
			"faces": {
				"north": {"uv": [0, 0, 0.9, 0.19891], "texture": "#1"},
				"east": {"uv": [0, 0, 1, 0.19891], "texture": "#1"},
				"south": {"uv": [0, 0, 0.9, 0.19891], "texture": "#1"},
				"west": {"uv": [0, 0, 1, 0.19891], "texture": "#1"},
				"up": {"uv": [0, 0, 0.9, 1], "texture": "#1"},
				"down": {"uv": [0, 0, 0.9, 1], "texture": "#1"}
			}
		},
		{
			"name": "hexadecagon",
			"from": [3.45, 15.43192, 0.43044],
			"to": [4.35, 16.43192, 0.62936],
			"rotation": {"angle": -22.5, "axis": "x", "origin": [8.33007, 15.85995, 0.49895]},
			"faces": {
				"north": {"uv": [0, 0, 0.9, 1], "texture": "#1"},
				"east": {"uv": [0, 0, 0.19891, 1], "texture": "#1"},
				"south": {"uv": [0, 0, 0.9, 1], "texture": "#1"},
				"west": {"uv": [0, 0, 0.19891, 1], "texture": "#1"},
				"up": {"uv": [0, 0, 0.9, 0.19891], "texture": "#1"},
				"down": {"uv": [0, 0, 0.9, 0.19891], "texture": "#1"}
			}
		},
		{
			"name": "hexadecagon",
			"from": [3.45, 15.43828, 0.40054],
			"to": [4.35, 16.43828, 0.59946],
			"rotation": {"angle": 0, "axis": "x", "origin": [8.33007, 15.85995, 0.49895]},
			"faces": {
				"north": {"uv": [0, 0, 0.9, 1], "texture": "#1"},
				"east": {"uv": [0, 0, 0.19891, 1], "texture": "#1"},
				"south": {"uv": [0, 0, 0.9, 1], "texture": "#1"},
				"west": {"uv": [0, 0, 0.19891, 1], "texture": "#1"},
				"up": {"uv": [0, 0, 0.9, 0.19891], "texture": "#1"},
				"down": {"uv": [0, 0, 0.9, 0.19891], "texture": "#1"}
			}
		},
		{
			"name": "hexadecagon",
			"from": [3.45, 15.43272, 0.37049],
			"to": [4.35, 16.43272, 0.56941],
			"rotation": {"angle": 22.5, "axis": "x", "origin": [8.33007, 15.85995, 0.49895]},
			"faces": {
				"north": {"uv": [0, 0, 0.9, 1], "texture": "#1"},
				"east": {"uv": [0, 0, 0.19891, 1], "texture": "#1"},
				"south": {"uv": [0, 0, 0.9, 1], "texture": "#1"},
				"west": {"uv": [0, 0, 0.19891, 1], "texture": "#1"},
				"up": {"uv": [0, 0, 0.9, 0.19891], "texture": "#1"},
				"down": {"uv": [0, 0, 0.9, 0.19891], "texture": "#1"}
			}
		},
		{
			"name": "hexadecagon",
			"from": [1.31406, 15.89028, 0.29043],
			"to": [3.45, 16.00962, 0.36543],
			"rotation": {"angle": -45, "axis": "x", "origin": [8.33007, 15.85995, 0.49895]},
			"faces": {
				"north": {"uv": [0, 0, 1.3, 0.11935], "texture": "#0"},
				"east": {"uv": [0, 0, 0.075, 0.11935], "texture": "#0"},
				"south": {"uv": [0, 0, 1.3, 0.11935], "texture": "#0"},
				"west": {"uv": [0, 0, 0.075, 0.11935], "texture": "#0"},
				"up": {"uv": [0, 0, 1.3, 0.075], "texture": "#0"},
				"down": {"uv": [0, 0, 1.3, 0.075], "texture": "#0"}
			}
		},
		{
			"name": "hexadecagon",
			"from": [1.31406, 15.91844, 0.24903],
			"to": [3.45, 16.03778, 0.32403],
			"rotation": {"angle": -22.5, "axis": "x", "origin": [8.33007, 15.85995, 0.49895]},
			"faces": {
				"north": {"uv": [0, 0, 1.3, 0.11935], "texture": "#0"},
				"east": {"uv": [0, 0, 0.075, 0.11935], "texture": "#0"},
				"south": {"uv": [0, 0, 1.3, 0.11935], "texture": "#0"},
				"west": {"uv": [0, 0, 0.075, 0.11935], "texture": "#0"},
				"up": {"uv": [0, 0, 1.3, 0.075], "texture": "#0"},
				"down": {"uv": [0, 0, 1.3, 0.075], "texture": "#0"}
			}
		},
		{
			"name": "hexadecagon",
			"from": [1.31406, 15.92861, 0.2],
			"to": [3.45, 16.04795, 0.275],
			"rotation": {"angle": 0, "axis": "x", "origin": [8.33007, 15.85995, 0.49895]},
			"faces": {
				"north": {"uv": [0, 0, 1.3, 0.11935], "texture": "#0"},
				"east": {"uv": [0, 0, 0.075, 0.11935], "texture": "#0"},
				"south": {"uv": [0, 0, 1.3, 0.11935], "texture": "#0"},
				"west": {"uv": [0, 0, 0.075, 0.11935], "texture": "#0"},
				"up": {"uv": [0, 0, 1.3, 0.075], "texture": "#0"},
				"down": {"uv": [0, 0, 1.3, 0.075], "texture": "#0"}
			}
		},
		{
			"name": "hexadecagon",
			"from": [1.31406, 15.91924, 0.15081],
			"to": [3.45, 16.03858, 0.22581],
			"rotation": {"angle": 22.5, "axis": "x", "origin": [8.33007, 15.85995, 0.49895]},
			"faces": {
				"north": {"uv": [0, 0, 1.3, 0.11935], "texture": "#0"},
				"east": {"uv": [0, 0, 0.075, 0.11935], "texture": "#0"},
				"south": {"uv": [0, 0, 1.3, 0.11935], "texture": "#0"},
				"west": {"uv": [0, 0, 0.075, 0.11935], "texture": "#0"},
				"up": {"uv": [0, 0, 1.3, 0.075], "texture": "#0"},
				"down": {"uv": [0, 0, 1.3, 0.075], "texture": "#0"}
			}
		},
		{
			"name": "hexadecagon",
			"from": [1.31406, 15.89177, 0.10895],
			"to": [3.45, 16.01111, 0.18395],
			"rotation": {"angle": 45, "axis": "x", "origin": [8.33007, 15.85995, 0.49895]},
			"faces": {
				"north": {"uv": [0, 0, 1.3, 0.11935], "texture": "#0"},
				"east": {"uv": [0, 0, 0.075, 0.11935], "texture": "#0"},
				"south": {"uv": [0, 0, 1.3, 0.11935], "texture": "#0"},
				"west": {"uv": [0, 0, 0.075, 0.11935], "texture": "#0"},
				"up": {"uv": [0, 0, 1.3, 0.075], "texture": "#0"},
				"down": {"uv": [0, 0, 1.3, 0.075], "texture": "#0"}
			}
		},
		{
			"name": "hexadecagon",
			"from": [1.31406, 15.89028, 0.81543],
			"to": [3.45, 16.00962, 0.89043],
			"rotation": {"angle": -45, "axis": "x", "origin": [8.33007, 15.85995, 0.49895]},
			"faces": {
				"north": {"uv": [0, 0, 1.3, 0.11935], "texture": "#0"},
				"east": {"uv": [0, 0, 0.075, 0.11935], "texture": "#0"},
				"south": {"uv": [0, 0, 1.3, 0.11935], "texture": "#0"},
				"west": {"uv": [0, 0, 0.075, 0.11935], "texture": "#0"},
				"up": {"uv": [0, 0, 1.3, 0.075], "texture": "#0"},
				"down": {"uv": [0, 0, 1.3, 0.075], "texture": "#0"}
			}
		},
		{
			"name": "hexadecagon",
			"from": [1.31406, 15.91844, 0.77403],
			"to": [3.45, 16.03778, 0.84903],
			"rotation": {"angle": -22.5, "axis": "x", "origin": [8.33007, 15.85995, 0.49895]},
			"faces": {
				"north": {"uv": [0, 0, 1.3, 0.11935], "texture": "#0"},
				"east": {"uv": [0, 0, 0.075, 0.11935], "texture": "#0"},
				"south": {"uv": [0, 0, 1.3, 0.11935], "texture": "#0"},
				"west": {"uv": [0, 0, 0.075, 0.11935], "texture": "#0"},
				"up": {"uv": [0, 0, 1.3, 0.075], "texture": "#0"},
				"down": {"uv": [0, 0, 1.3, 0.075], "texture": "#0"}
			}
		},
		{
			"name": "hexadecagon",
			"from": [1.31406, 15.92861, 0.725],
			"to": [3.45, 16.04795, 0.8],
			"rotation": {"angle": 0, "axis": "x", "origin": [8.33007, 15.85995, 0.49895]},
			"faces": {
				"north": {"uv": [0, 0, 1.3, 0.11935], "texture": "#0"},
				"east": {"uv": [0, 0, 0.075, 0.11935], "texture": "#0"},
				"south": {"uv": [0, 0, 1.3, 0.11935], "texture": "#0"},
				"west": {"uv": [0, 0, 0.075, 0.11935], "texture": "#0"},
				"up": {"uv": [0, 0, 1.3, 0.075], "texture": "#0"},
				"down": {"uv": [0, 0, 1.3, 0.075], "texture": "#0"}
			}
		},
		{
			"name": "hexadecagon",
			"from": [1.31406, 15.91924, 0.67581],
			"to": [3.45, 16.03858, 0.75081],
			"rotation": {"angle": 22.5, "axis": "x", "origin": [8.33007, 15.85995, 0.49895]},
			"faces": {
				"north": {"uv": [0, 0, 1.3, 0.11935], "texture": "#0"},
				"east": {"uv": [0, 0, 0.075, 0.11935], "texture": "#0"},
				"south": {"uv": [0, 0, 1.3, 0.11935], "texture": "#0"},
				"west": {"uv": [0, 0, 0.075, 0.11935], "texture": "#0"},
				"up": {"uv": [0, 0, 1.3, 0.075], "texture": "#0"},
				"down": {"uv": [0, 0, 1.3, 0.075], "texture": "#0"}
			}
		},
		{
			"name": "hexadecagon",
			"from": [1.31406, 15.89177, 0.63395],
			"to": [3.45, 16.01111, 0.70895],
			"rotation": {"angle": 45, "axis": "x", "origin": [8.33007, 15.85995, 0.49895]},
			"faces": {
				"north": {"uv": [0, 0, 1.3, 0.11935], "texture": "#0"},
				"east": {"uv": [0, 0, 0.075, 0.11935], "texture": "#0"},
				"south": {"uv": [0, 0, 1.3, 0.11935], "texture": "#0"},
				"west": {"uv": [0, 0, 0.075, 0.11935], "texture": "#0"},
				"up": {"uv": [0, 0, 1.3, 0.075], "texture": "#0"},
				"down": {"uv": [0, 0, 1.3, 0.075], "texture": "#0"}
			}
		},
		{
			"name": "hexadecagon",
			"from": [1.31406, 15.67811, 0.48936],
			"to": [3.45, 15.75311, 0.6087],
			"rotation": {"angle": -22.5, "axis": "x", "origin": [8.33007, 15.85995, 0.49895]},
			"faces": {
				"north": {"uv": [0, 0, 1.3, 0.075], "texture": "#0"},
				"east": {"uv": [0, 0, 0.11935, 0.075], "texture": "#0"},
				"south": {"uv": [0, 0, 1.3, 0.075], "texture": "#0"},
				"west": {"uv": [0, 0, 0.11935, 0.075], "texture": "#0"},
				"up": {"uv": [0, 0, 1.3, 0.11935], "texture": "#0"},
				"down": {"uv": [0, 0, 1.3, 0.11935], "texture": "#0"}
			}
		},
		{
			"name": "hexadecagon",
			"from": [1.31406, 15.68828, 0.44033],
			"to": [3.45, 15.76328, 0.55967],
			"rotation": {"angle": 0, "axis": "x", "origin": [8.33007, 15.85995, 0.49895]},
			"faces": {
				"north": {"uv": [0, 0, 1.3, 0.075], "texture": "#0"},
				"east": {"uv": [0, 0, 0.11935, 0.075], "texture": "#0"},
				"south": {"uv": [0, 0, 1.3, 0.075], "texture": "#0"},
				"west": {"uv": [0, 0, 0.11935, 0.075], "texture": "#0"},
				"up": {"uv": [0, 0, 1.3, 0.11935], "texture": "#0"},
				"down": {"uv": [0, 0, 1.3, 0.11935], "texture": "#0"}
			}
		},
		{
			"name": "hexadecagon",
			"from": [1.31406, 15.67891, 0.39114],
			"to": [3.45, 15.75391, 0.51048],
			"rotation": {"angle": 22.5, "axis": "x", "origin": [8.33007, 15.85995, 0.49895]},
			"faces": {
				"north": {"uv": [0, 0, 1.3, 0.075], "texture": "#0"},
				"east": {"uv": [0, 0, 0.11935, 0.075], "texture": "#0"},
				"south": {"uv": [0, 0, 1.3, 0.075], "texture": "#0"},
				"west": {"uv": [0, 0, 0.11935, 0.075], "texture": "#0"},
				"up": {"uv": [0, 0, 1.3, 0.11935], "texture": "#0"},
				"down": {"uv": [0, 0, 1.3, 0.11935], "texture": "#0"}
			}
		},
		{
			"name": "hexadecagon",
			"from": [1.31406, 16.20311, 0.48936],
			"to": [3.45, 16.27811, 0.6087],
			"rotation": {"angle": -22.5, "axis": "x", "origin": [8.33007, 15.85995, 0.49895]},
			"faces": {
				"north": {"uv": [0, 0, 1.3, 0.075], "texture": "#0"},
				"east": {"uv": [0, 0, 0.11935, 0.075], "texture": "#0"},
				"south": {"uv": [0, 0, 1.3, 0.075], "texture": "#0"},
				"west": {"uv": [0, 0, 0.11935, 0.075], "texture": "#0"},
				"up": {"uv": [0, 0, 1.3, 0.11935], "texture": "#0"},
				"down": {"uv": [0, 0, 1.3, 0.11935], "texture": "#0"}
			}
		},
		{
			"name": "hexadecagon",
			"from": [1.31406, 16.21328, 0.44033],
			"to": [3.45, 16.28828, 0.55967],
			"rotation": {"angle": 0, "axis": "x", "origin": [8.33007, 15.85995, 0.49895]},
			"faces": {
				"north": {"uv": [0, 0, 1.3, 0.075], "texture": "#0"},
				"east": {"uv": [0, 0, 0.11935, 0.075], "texture": "#0"},
				"south": {"uv": [0, 0, 1.3, 0.075], "texture": "#0"},
				"west": {"uv": [0, 0, 0.11935, 0.075], "texture": "#0"},
				"up": {"uv": [0, 0, 1.3, 0.11935], "texture": "#0"},
				"down": {"uv": [0, 0, 1.3, 0.11935], "texture": "#0"}
			}
		},
		{
			"name": "hexadecagon",
			"from": [1.31406, 16.20391, 0.39114],
			"to": [3.45, 16.27891, 0.51048],
			"rotation": {"angle": 22.5, "axis": "x", "origin": [8.33007, 15.85995, 0.49895]},
			"faces": {
				"north": {"uv": [0, 0, 1.3, 0.075], "texture": "#0"},
				"east": {"uv": [0, 0, 0.11935, 0.075], "texture": "#0"},
				"south": {"uv": [0, 0, 1.3, 0.075], "texture": "#0"},
				"west": {"uv": [0, 0, 0.11935, 0.075], "texture": "#0"},
				"up": {"uv": [0, 0, 1.3, 0.11935], "texture": "#0"},
				"down": {"uv": [0, 0, 1.3, 0.11935], "texture": "#0"}
			}
		},
		{
			"from": [9.4, 12.03828, 0.1],
			"to": [10.015, 12.63828, 0.9],
			"rotation": {"angle": 0, "axis": "y", "origin": [8.33007, 15.85995, 0.49895]},
			"faces": {
				"north": {"uv": [0, 0, 0.615, 0.6], "texture": "#1"},
				"east": {"uv": [0, 0, 0.8, 0.6], "texture": "#1"},
				"south": {"uv": [0, 0, 0.615, 0.6], "texture": "#1"},
				"west": {"uv": [0, 0, 0.8, 0.6], "texture": "#1"},
				"up": {"uv": [0, 0, 0.615, 0.8], "texture": "#1"},
				"down": {"uv": [0, 0, 0.615, 0.8], "texture": "#1"}
			}
		},
		{
			"from": [9.63699, 13.39102, 0],
			"to": [10.48199, 13.82102, 1],
			"rotation": {"angle": 45, "axis": "z", "origin": [8.33007, 15.85995, 0.49895]},
			"faces": {
				"north": {"uv": [0, 0, 0.845, 0.43], "texture": "#0"},
				"east": {"uv": [0, 0, 1, 0.43], "texture": "#0"},
				"south": {"uv": [0, 0, 0.845, 0.43], "texture": "#0"},
				"west": {"uv": [0, 0, 1, 0.43], "texture": "#0"},
				"up": {"uv": [0, 0, 0.845, 1], "texture": "#0"},
				"down": {"uv": [0, 0, 0.845, 1], "texture": "#0"}
			}
		},
		{
			"from": [13.4, 16.03828, 0.3],
			"to": [13.9, 16.53828, 0.7],
			"rotation": {"angle": 0, "axis": "y", "origin": [8.33007, 15.85995, 0.49895]},
			"faces": {
				"north": {"uv": [0, 0, 0.5, 0.5], "texture": "#0"},
				"east": {"uv": [0, 0, 0.4, 0.5], "texture": "#0"},
				"south": {"uv": [0, 0, 0.5, 0.5], "texture": "#0"},
				"west": {"uv": [0, 0, 0.4, 0.5], "texture": "#0"},
				"up": {"uv": [0, 0, 0.5, 0.4], "texture": "#0"},
				"down": {"uv": [0, 0, 0.5, 0.4], "texture": "#0"}
			}
		},
		{
			"from": [13.9, 16.13828, 0.4],
			"to": [15.2, 16.43828, 0.6],
			"rotation": {"angle": 0, "axis": "y", "origin": [8.33007, 15.85995, 0.49895]},
			"faces": {
				"north": {"uv": [0, 0, 1.3, 0.3], "texture": "#1"},
				"east": {"uv": [0, 0, 0.2, 0.3], "texture": "#1"},
				"south": {"uv": [0, 0, 1.3, 0.3], "texture": "#1"},
				"west": {"uv": [0, 0, 0.2, 0.3], "texture": "#1"},
				"up": {"uv": [0, 0, 1.3, 0.2], "texture": "#1"},
				"down": {"uv": [0, 0, 1.3, 0.2], "texture": "#1"}
			}
		},
		{
			"from": [14.45574, 18.72326, 0.4],
			"to": [16.45574, 19.02326, 0.6],
			"rotation": {"angle": -22.5, "axis": "z", "origin": [8.33007, 15.85995, 0.49895]},
			"faces": {
				"north": {"uv": [0, 0, 2, 0.3], "texture": "#1"},
				"east": {"uv": [0, 0, 0.2, 0.3], "texture": "#1"},
				"south": {"uv": [0, 0, 2, 0.3], "texture": "#1"},
				"west": {"uv": [0, 0, 0.2, 0.3], "texture": "#1"},
				"up": {"uv": [0, 0, 2, 0.2], "texture": "#1"},
				"down": {"uv": [0, 0, 2, 0.2], "texture": "#1"}
			}
		},
		{
			"from": [16.93295, 15.39575, 0.4],
			"to": [18.23295, 15.69575, 0.6],
			"rotation": {"angle": 0, "axis": "z", "origin": [8.33007, 15.85995, 0.49895]},
			"faces": {
				"north": {"uv": [0, 0, 1.3, 0.3], "texture": "#1"},
				"east": {"uv": [0, 0, 0.2, 0.3], "texture": "#1"},
				"south": {"uv": [0, 0, 1.3, 0.3], "texture": "#1"},
				"west": {"uv": [0, 0, 0.2, 0.3], "texture": "#1"},
				"up": {"uv": [0, 0, 1.3, 0.2], "texture": "#1"},
				"down": {"uv": [0, 0, 1.3, 0.2], "texture": "#1"}
			}
		},
		{
			"from": [17.54198, 19.19791, 0.4],
			"to": [19.24198, 19.49791, 0.6],
			"rotation": {"angle": -22.5, "axis": "z", "origin": [8.33007, 15.85995, 0.49895]},
			"faces": {
				"north": {"uv": [0, 0, 1.7, 0.3], "texture": "#1"},
				"east": {"uv": [0, 0, 0.2, 0.3], "texture": "#1"},
				"south": {"uv": [0, 0, 1.7, 0.3], "texture": "#1"},
				"west": {"uv": [0, 0, 0.2, 0.3], "texture": "#1"},
				"up": {"uv": [0, 0, 1.7, 0.2], "texture": "#1"},
				"down": {"uv": [0, 0, 1.7, 0.2], "texture": "#1"}
			}
		},
		{
			"from": [19.7571, 12.69163, 0.35],
			"to": [20.1571, 14.79163, 0.65],
			"rotation": {"angle": 0, "axis": "z", "origin": [8.33007, 15.85995, 0.49895]},
			"faces": {
				"north": {"uv": [0, 0, 2.1, 0.4], "rotation": 270, "texture": "#0"},
				"east": {"uv": [0, 0, 2.1, 0.3], "rotation": 90, "texture": "#0"},
				"south": {"uv": [0, 0, 2.1, 0.4], "rotation": 90, "texture": "#0"},
				"west": {"uv": [0, 0, 2.1, 0.3], "rotation": 90, "texture": "#0"},
				"up": {"uv": [0, 0, 0.3, 0.4], "rotation": 90, "texture": "#0"},
				"down": {"uv": [0, 0, 0.3, 0.4], "rotation": 90, "texture": "#0"}
			}
		},
		{
			"from": [17.01917, 23.0968, 0.4],
			"to": [17.51917, 23.3968, 0.6],
			"rotation": {"angle": -45, "axis": "z", "origin": [8.33007, 15.85995, 0.49895]},
			"faces": {
				"north": {"uv": [0, 0, 0.3, 0.5], "rotation": 270, "texture": "#1"},
				"east": {"uv": [0, 0, 0.3, 0.2], "rotation": 90, "texture": "#1"},
				"south": {"uv": [0, 0, 0.3, 0.5], "rotation": 90, "texture": "#1"},
				"west": {"uv": [0, 0, 0.3, 0.2], "rotation": 90, "texture": "#1"},
				"up": {"uv": [0, 0, 0.2, 0.5], "rotation": 90, "texture": "#1"},
				"down": {"uv": [0, 0, 0.2, 0.5], "rotation": 90, "texture": "#1"}
			}
		},
		{
			"name": "hexadecagon",
			"from": [11.78541, 15.93828, -3.31458],
			"to": [11.90475, 16.83828, -2.71458],
			"rotation": {"angle": -45, "axis": "y", "origin": [8.33007, 15.85995, 0.49895]},
			"faces": {
				"north": {"uv": [0, 0, 0.11935, 0.9], "texture": "#0"},
				"east": {"uv": [0, 0, 0.6, 0.9], "texture": "#0"},
				"south": {"uv": [0, 0, 0.11935, 0.9], "texture": "#0"},
				"west": {"uv": [0, 0, 0.6, 0.9], "texture": "#0"},
				"up": {"uv": [0, 0, 0.11935, 0.6], "texture": "#0"},
				"down": {"uv": [0, 0, 0.11935, 0.6], "texture": "#0"}
			}
		},
		{
			"name": "hexadecagon",
			"from": [12.86242, 15.93828, -1.70199],
			"to": [12.98176, 16.83828, -1.10199],
			"rotation": {"angle": -22.5, "axis": "y", "origin": [8.33007, 15.85995, 0.49895]},
			"faces": {
				"north": {"uv": [0, 0, 0.11935, 0.9], "texture": "#0"},
				"east": {"uv": [0, 0, 0.6, 0.9], "texture": "#0"},
				"south": {"uv": [0, 0, 0.11935, 0.9], "texture": "#0"},
				"west": {"uv": [0, 0, 0.6, 0.9], "texture": "#0"},
				"up": {"uv": [0, 0, 0.11935, 0.6], "texture": "#0"},
				"down": {"uv": [0, 0, 0.11935, 0.6], "texture": "#0"}
			}
		},
		{
			"name": "hexadecagon",
			"from": [13.24033, 15.93828, 0.2],
			"to": [13.35967, 16.83828, 0.8],
			"rotation": {"angle": 0, "axis": "y", "origin": [8.33007, 15.85995, 0.49895]},
			"faces": {
				"north": {"uv": [0, 0, 0.11935, 0.9], "texture": "#0"},
				"east": {"uv": [0, 0, 0.6, 0.9], "texture": "#0"},
				"south": {"uv": [0, 0, 0.11935, 0.9], "texture": "#0"},
				"west": {"uv": [0, 0, 0.6, 0.9], "texture": "#0"},
				"up": {"uv": [0, 0, 0.11935, 0.6], "texture": "#0"},
				"down": {"uv": [0, 0, 0.11935, 0.6], "texture": "#0"}
			}
		},
		{
			"name": "hexadecagon",
			"from": [12.86162, 15.93828, 2.10183],
			"to": [12.98096, 16.83828, 2.70183],
			"rotation": {"angle": 22.5, "axis": "y", "origin": [8.33007, 15.85995, 0.49895]},
			"faces": {
				"north": {"uv": [0, 0, 0.11935, 0.9], "texture": "#0"},
				"east": {"uv": [0, 0, 0.6, 0.9], "texture": "#0"},
				"south": {"uv": [0, 0, 0.11935, 0.9], "texture": "#0"},
				"west": {"uv": [0, 0, 0.6, 0.9], "texture": "#0"},
				"up": {"uv": [0, 0, 0.11935, 0.6], "texture": "#0"},
				"down": {"uv": [0, 0, 0.11935, 0.6], "texture": "#0"}
			}
		},
		{
			"name": "hexadecagon",
			"from": [11.78393, 15.93828, 3.71396],
			"to": [11.90327, 16.83828, 4.31396],
			"rotation": {"angle": 45, "axis": "y", "origin": [8.33007, 15.85995, 0.49895]},
			"faces": {
				"north": {"uv": [0, 0, 0.11935, 0.9], "texture": "#0"},
				"east": {"uv": [0, 0, 0.6, 0.9], "texture": "#0"},
				"south": {"uv": [0, 0, 0.11935, 0.9], "texture": "#0"},
				"west": {"uv": [0, 0, 0.6, 0.9], "texture": "#0"},
				"up": {"uv": [0, 0, 0.11935, 0.6], "texture": "#0"},
				"down": {"uv": [0, 0, 0.11935, 0.6], "texture": "#0"}
			}
		},
		{
			"name": "hexadecagon",
			"from": [12.62209, 15.93828, -1.46166],
			"to": [13.22209, 16.83828, -1.34232],
			"rotation": {"angle": -22.5, "axis": "y", "origin": [8.33007, 15.85995, 0.49895]},
			"faces": {
				"north": {"uv": [0, 0, 0.6, 0.9], "texture": "#0"},
				"east": {"uv": [0, 0, 0.11935, 0.9], "texture": "#0"},
				"south": {"uv": [0, 0, 0.6, 0.9], "texture": "#0"},
				"west": {"uv": [0, 0, 0.11935, 0.9], "texture": "#0"},
				"up": {"uv": [0, 0, 0.6, 0.11935], "texture": "#0"},
				"down": {"uv": [0, 0, 0.6, 0.11935], "texture": "#0"}
			}
		},
		{
			"name": "hexadecagon",
			"from": [13, 15.93828, 0.44033],
			"to": [13.6, 16.83828, 0.55967],
			"rotation": {"angle": 0, "axis": "y", "origin": [8.33007, 15.85995, 0.49895]},
			"faces": {
				"north": {"uv": [0, 0, 0.6, 0.9], "texture": "#0"},
				"east": {"uv": [0, 0, 0.11935, 0.9], "texture": "#0"},
				"south": {"uv": [0, 0, 0.6, 0.9], "texture": "#0"},
				"west": {"uv": [0, 0, 0.11935, 0.9], "texture": "#0"},
				"up": {"uv": [0, 0, 0.6, 0.11935], "texture": "#0"},
				"down": {"uv": [0, 0, 0.6, 0.11935], "texture": "#0"}
			}
		},
		{
			"name": "hexadecagon",
			"from": [12.62129, 15.93828, 2.34216],
			"to": [13.22129, 16.83828, 2.4615],
			"rotation": {"angle": 22.5, "axis": "y", "origin": [8.33007, 15.85995, 0.49895]},
			"faces": {
				"north": {"uv": [0, 0, 0.6, 0.9], "texture": "#0"},
				"east": {"uv": [0, 0, 0.11935, 0.9], "texture": "#0"},
				"south": {"uv": [0, 0, 0.6, 0.9], "texture": "#0"},
				"west": {"uv": [0, 0, 0.11935, 0.9], "texture": "#0"},
				"up": {"uv": [0, 0, 0.6, 0.11935], "texture": "#0"},
				"down": {"uv": [0, 0, 0.6, 0.11935], "texture": "#0"}
			}
		}
	],
	"display": {
		"thirdperson_righthand": {
			"rotation": [0, -94, 0],
			"translation": [-8.5, -6.75, -0.5]
		},
		"thirdperson_lefthand": {
			"rotation": [0, -277.75, 0],
			"translation": [7, -6.75, 1]
		},
		"firstperson_righthand": {
			"rotation": [0, -90, 0],
			"translation": [-18.25, -14, -8.25],
			"scale": [2, 2, 2]
		},
		"firstperson_lefthand": {
			"rotation": [0, 90, 0],
			"translation": [5, -5.5, -1],
			"scale": [1.3, 1.3, 1.3]
		},
		"ground": {
			"rotation": [90, 0, 0],
			"translation": [0, -6, 1],
			"scale": [0.8, 0.8, 0.8]
		},
		"gui": {
			"rotation": [0, -180, 0],
			"translation": [2.5, -6.25, 0],
			"scale": [0.818, 0.818, 0.818]
		},
		"head": {
			"scale": [0, 0, 0]
		},
		"fixed": {
			"rotation": [0, 180, 0],
			"translation": [3, -6, -10],
			"scale": [1.2, 1.2, 1.2]
		}
	},
	"groups": [
		{
			"name": "",
			"origin": [8, 8, 8],
			"children": [
				{
					"name": "",
					"origin": [8, 8, 8],
					"children": [0, 1, 2,
						{
							"name": "group",
							"origin": [8, 8, 8],
							"children": []
						}, 3, 4, 5, 6, 7, 8, 9, 10, 11, 12, 13, 14, 15, 16, 17, 18, 19, 20, 21, 22, 23, 24, 25, 26, 27, 28, 29, 30, 31, 32, 33, 34, 35, 36, 37, 38, 39, 40, 41, 42, 43, 44, 45, 46, 47, 48, 49, 50,
						{
							"name": "hexadecagon",
							"origin": [8, 8, 8],
							"children": [51, 52, 53, 54, 55, 56, 57, 58, 59, 60, 61, 62, 63, 64, 65, 66]
						},
						{
							"name": "hexadecagon",
							"origin": [8, 8, 8],
							"children": [67, 68, 69, 70, 71, 72, 73, 74, 75, 76, 77, 78, 79, 80, 81, 82]
						}, 83, 84, 85, 86, 87,
						{
							"name": "group",
							"origin": [8, 8, 8],
							"children": [88]
						}, 89, 90, 91, 92, 93,
						{
							"name": "hexadecagon",
							"origin": [8, 8, 8],
							"children": [94, 95, 96, 97, 98, 99, 100, 101]
						},
						{
							"name": "hexadecagon",
							"origin": [8, 8, 8],
							"children": [102, 103, 104, 105, 106, 107, 108, 109]
						},
						{
							"name": "hexadecagon",
							"origin": [8, 8, 8],
							"children": [110, 111, 112, 113, 114, 115, 116, 117, 118, 119, 120, 121, 122, 123, 124, 125]
						}, 126, 127, 128, 129, 130, 131, 132, 133, 134]
				},
				{
					"name": "hexadecagon",
					"origin": [8, 8, 8],
					"children": [135, 136, 137, 138, 139, 140, 141, 142]
				}
			]
		}
	]
}