{
	"parent": "item/handheld",
	"textures": {
		"layer0": "item/wooden_hoe"
	},
	"overrides": [
		{ "predicate": {"damaged": 0, "damage": 0}, "model": "item/wooden_hoe"},
		{ "_cmd_": "give @p minecraft:wooden_hoe 1 1 {Unbreakable:1}", "predicate": {"damaged": 0, "damage": 0.016949152542373}, "model": "item/nubx/weapons/desert_eagles"},
		{ "_cmd_": "give @p minecraft:wooden_hoe 1 2 {Unbreakable:1}", "predicate": {"damaged": 0, "damage": 0.033898305084746}, "model": "item/nubx/weapons/p_250"},
		{ "_cmd_": "give @p minecraft:wooden_hoe 1 3 {Unbreakable:1}", "predicate": {"damaged": 0, "damage": 0.050847457627119}, "model": "item/nubx/weapons/P_90"},
		{ "_cmd_": "give @p minecraft:wooden_hoe 1 4 {Unbreakable:1}", "predicate": {"damaged": 0, "damage": 0.067796610169492}, "model": "item/nubx/weapons/cz_75"},
		{ "_cmd_": "give @p minecraft:wooden_hoe 1 5 {Unbreakable:1}", "predicate": {"damaged": 0, "damage": 0.084745762711864}, "model": "item/nubx/weapons/beretta"},
		{ "_cmd_": "give @p minecraft:wooden_hoe 1 6 {Unbreakable:1}", "predicate": {"damaged": 0, "damage": 0.101694915254237}, "model": "item/nubx/weapons/glock_18"},
		{ "_cmd_": "give @p minecraft:wooden_hoe 1 7 {Unbreakable:1}", "predicate": {"damaged": 0, "damage": 0.11864406779661}, "model": "item/nubx/weapons/SPP"},
		{ "_cmd_": "give @p minecraft:wooden_hoe 1 8 {Unbreakable:1}", "predicate": {"damaged": 0, "damage": 0.135593220338983}, "model": "item/nubx/weapons/SZX"},
		{ "_cmd_": "give @p minecraft:wooden_hoe 1 9 {Unbreakable:1}", "predicate": {"damaged": 0, "damage": 0.152542372881356}, "model": "item/nubx/weapons/ump45"},
		{ "_cmd_": "give @p minecraft:wooden_hoe 1 10 {Unbreakable:1}", "predicate": {"damaged": 0, "damage": 0.169491525423729}, "model": "item/nubx/weapons/ace"},
		{ "_cmd_": "give @p minecraft:wooden_hoe 1 11 {Unbreakable:1}", "predicate": {"damaged": 0, "damage": 0.186440677966102}, "model": "item/nubx/weapons/ace_aim"},




		{ "predicate": {"damaged": 1, "damage": 0}, "model": "item/wooden_hoe"}
	]
}
